engine_size,weight,horsepower,fuel_type,car_brand,MPG,CO2_emissions,fuel_efficiency
2.1236203565420873,2284.587180617008,88.36237401945509,Petrol,Brand_A,1.4362935554252803,2325.6642591514515,1.3883377958980074
3.8521429192297485,3866.708213653011,172.84742516134878,Electric,Brand_D,0.7708430786873335,4149.114700789124,0.7893202638129888
3.1959818254342154,3382.7845472722915,137.3435113992291,Petrol,Brand_A,0.9364574301301443,3627.4562318689955,0.971452045891936
2.79597545259111,3070.7511594812017,106.06998154702036,Electric,Brand_D,1.031177688781848,3150.16194313537,1.2140390337108187
1.4680559213273097,1657.0214026365868,49.7380901396088,Petrol,Brand_B,1.9242915936207272,1679.1221979944667,2.012192105813179
1.4679835610086078,1601.2576343077722,63.638534155409374,Electric,Brand_B,1.8723142295599986,1643.6587709884056,2.019226803683295
1.1742508365045983,1404.4696251174178,33.7677013899775,Petrol,Brand_B,2.7149378086969445,1383.723638703645,3.1432343105585487
3.5985284373248057,3913.5154179897077,162.25572515153576,Petrol,Brand_B,0.7592418614348763,4010.4790319884787,0.7971799997272314
2.8033450352296265,3141.740934745331,123.92820261639793,Electric,Brand_A,0.9909973619868853,3193.5383111935344,1.0707629316128626
3.1242177333881367,3314.0981873133046,120.2769528144784,Petrol,Brand_C,0.985238759831338,3460.41121168685,1.0474280823727409
1.0617534828874073,1040.99926383633,25.33879402458752,Petrol,Brand_A,3.7004566603902154,1158.838197416066,4.1681210023904365
3.909729556485983,4024.0362467731943,169.92790600109348,Petrol,Brand_D,0.7544115256397186,4225.398727091479,0.7911098933286541
3.497327922401265,3808.0035749246986,138.74771844352443,Electric,Brand_A,0.835895296455721,3921.852156937871,0.881049981591077
1.6370173320348285,1512.5596260379452,77.85885640112777,Electric,Brand_A,1.848269300679633,1739.3155053600503,1.833349506691433
1.5454749016213019,1642.1469231343362,45.8747194769084,Petrol,Brand_D,2.244530112201838,1636.2117249562925,2.794758634915493
1.5502135295603015,1499.5531625712663,56.01479095287433,Petrol,Brand_B,2.0001104012763222,1510.6452642630638,2.315694752968815
1.9127267288786132,1956.7564465417397,76.56150615232636,Electric,Brand_B,1.5934037596335662,2021.3669904307292,1.6684807984157881
2.5742692948967134,2881.679956284931,103.44057773351595,Electric,Brand_B,1.1296193036079802,2942.2194666678433,1.2553572805930688
2.2958350559263474,2377.7212432914584,87.33274752226146,Petrol,Brand_C,1.2966339022555764,2404.9704728670754,1.5013462642436126
1.8736874205941256,1923.5627282989753,81.17599614724001,Petrol,Brand_D,1.6288214152408313,2028.9495756651347,1.6807731312091785
2.8355586841671383,2614.9605275075846,102.74614307285958,Petrol,Brand_D,1.230268758241738,2860.6216909418613,1.2023381889426883
1.4184815819561254,1595.3900293755855,55.315468428032084,Diesel,Brand_A,1.932118613963737,1578.6838038480005,2.3178678788788223
1.8764339456056545,2043.6609389045423,76.26031414134516,Electric,Brand_C,1.4604444671285906,2128.984922404462,1.5584183737754325
2.099085529881075,2576.2903793100827,89.10780953583048,Diesel,Brand_B,1.275778684308368,2634.3079075093656,1.429770043249535
2.3682099526511076,2357.576579103974,101.84454688693319,Electric,Brand_C,1.2690828722235554,2508.300860380086,1.296498453367636
3.3555278841790406,3460.84529693622,122.97469444878293,Electric,Brand_D,0.9479234660858418,3633.5284855450113,1.0298031022573122
1.5990213464750793,1673.2079392930539,48.61971215164695,Electric,Brand_D,2.0466401368947675,1741.16655208669,
2.5427033152408347,2915.436421607839,114.48490082861849,Electric,Brand_A,1.0755678966580333,2971.980753731444,1.1789410316025384
2.7772437065861273,2815.3910443003574,114.41288838324101,Electric,Brand_A,1.0891341700516948,3054.310037932966,1.1169065696807279
1.139351238159993,1214.200135394478,38.08918416083418,Electric,Brand_D,2.6954940518656287,1318.751973892643,3.0935092837003677
2.8226345557043153,3008.422308639322,128.41690198339785,Electric,Brand_B,1.0213613321616872,3223.385680889476,1.0598997823869272
1.5115723710618747,1579.704016285848,61.61964118540357,Diesel,Brand_B,1.9955245895731826,1709.1909360463517,2.1201579611458388
1.1951547789558385,1135.6676375451686,59.59916299887181,Petrol,Brand_C,2.6607692527994438,1158.2148368539592,2.146179227023308
3.84665661176,3962.745334981912,154.54144928450108,Petrol,Brand_D,0.7884526677430674,4217.642883154879,0.833302979335234
3.896896099223678,4199.864110804516,176.483323217767,Diesel,Brand_D,0.7209604740390935,4436.775564692473,0.7641757703834314
3.4251920443493833,3297.169529566375,154.56109019840736,Diesel,Brand_B,0.8734976390235064,3477.789487073399,0.917130012402824
1.9138413075201122,1977.4672477574943,74.06401081601375,Diesel,Brand_B,1.582162774483895,2065.0925581765346,1.6760924625620657
1.2930163420191516,1183.7103606264718,61.43636319030962,Diesel,Brand_D,2.2441918710959827,1311.5657741567366,2.2702541207398665
3.052699079536471,3355.9892666600945,128.5617226773103,Electric,Brand_A,0.9602889904048099,3571.389668157567,0.9797898219807265
2.3204574812188037,2069.0724076740867,106.50461482407563,Petrol,Brand_D,1.3982003735869477,2315.3425375138568,1.4048756418591375
1.3661147045343365,1276.8280118678051,44.99535357557241,Electric,Brand_D,2.4524146017787984,1318.9500944005551,3.0575938304076273
2.4855307303338106,2614.113977253383,106.28174381333682,Petrol,Brand_B,1.229533712061975,2832.589366512072,1.1839570861349504
1.1031655633456552,1443.6258028936845,54.71086740232209,Petrol,Brand_B,2.164316675795899,1459.7890442232563,2.295793076296342
3.7279612062363463,3780.57668071436,131.53105338522272,Diesel,Brand_A,0.872796504694469,3954.558109051437,0.9278067198868768
1.7763399448000508,1694.9105457940832,59.221012665344276,Electric,Brand_A,1.7953864825130166,1783.6720347638527,2.2264282590979256
2.9875668530619457,3413.3534431225016,99.11035234487682,Diesel,Brand_C,1.0000513745602138,3395.683891726549,1.2071893562502456
1.9351332282682328,1682.8860785781258,74.71126078628373,Electric,Brand_D,1.7667733902303437,1839.9139245047659,1.7090260037482616
2.5602040635334324,2175.234664759065,109.58358509929693,Petrol,Brand_B,1.2482008337848078,2441.478185028167,1.2277257551955836
2.640130838029839,2788.448130061582,120.62880404215383,Diesel,Brand_A,1.0970822905401423,2920.4587113422035,
1.554563366576581,1485.6142629396893,62.92348246726099,Diesel,Brand_C,2.09996715505258,1614.8119312303372,2.295264330671306
3.9087538832936755,3790.825475261263,172.63631078745996,Petrol,Brand_C,0.7871606539601853,4030.146069503226,0.789660133654402
3.3253984700833437,3526.6772216538066,119.21492422118483,Petrol,Brand_B,0.9413479732757506,3658.1974619576104,1.0548081712111028
3.8184968246925672,3935.109991743883,135.70604859415113,Petrol,Brand_B,0.823414658460706,4131.1734475552785,0.9309553141338479
3.6844820512829464,3645.0782276667765,146.82380506235168,Diesel,Brand_C,0.8348719268661653,3882.6777438367094,0.920067417902299
2.7936999364332555,2595.4333826724383,115.5886519467233,Electric,Brand_A,1.112285727150115,2728.196416858734,1.1862544209922878
3.7656227050693505,4015.263151086296,150.29796072183308,Diesel,Brand_C,0.808878152794562,4168.831705422095,0.8735649023784708
1.2654775061557584,1410.4900813704064,29.944679245831566,Electric,Brand_D,2.6679317514315786,1510.2777317118544,3.7485654265554316
1.5879485872574355,1599.4267860491436,62.62674309516954,Diesel,Brand_D,2.0261698525531537,1666.4489572170305,2.0278061310157316
1.1356818667316142,1521.2005557732555,32.38257966421604,Diesel,Brand_B,2.481632706422135,1493.4610646668434,3.1218120451776414
1.975990992289793,1804.8422216145084,85.7363651798921,Petrol,Brand_A,1.482050662650795,1963.3387359919561,1.5685183424999432
2.166031869068446,1906.080463495351,90.30725722370632,Electric,Brand_A,1.4952035538142936,2171.9436183915122,1.645181819164316
1.8140470953216878,1707.247024320236,63.163085949593956,Diesel,Brand_D,1.792120484042534,1887.8700735546508,2.0018622117347626
3.486212527455788,3544.2502401471206,134.3098319248646,Diesel,Brand_C,0.8558533805965775,3774.4839954870918,0.8987578107989286
2.0702599800807677,2155.037001937477,72.21826398434119,Petrol,Brand_B,1.4693767404285474,2197.7468778740204,1.7243797442326236
1.8428035290621423,1831.0989925857534,73.08535018975398,Petrol,Brand_C,1.7072666713415472,1961.0270776252662,1.7059642785509779
2.6280882494747453,2755.836805369606,114.67495318400219,Electric,Brand_C,1.1327388461293002,2930.6966111203938,1.1212833064719647
1.422772674924288,1195.9916133530073,47.05364653361608,Diesel,Brand_C,2.5848460179805337,1276.9980536878847,2.5589665151123944
3.406590942262119,3765.9959144996023,141.3041028456632,Electric,Brand_A,0.8454583828123086,3862.5452190282167,0.8993079972472445
1.2236519310393126,1229.0434458897228,43.6435010578481,Diesel,Brand_D,2.8379499937135,1378.6811018667645,2.7272479870836617
3.960660809801552,4259.368828153896,150.49770406943864,Electric,Brand_A,0.7530184659548794,4410.333614976739,0.8149159361187426
3.3167343078899725,3451.07891152354,131.59906871605332,Petrol,Brand_D,0.9034122355710396,3702.357434816464,0.9565865114239572
1.5961470446025172,1714.2444177132277,53.49345855990695,Diesel,Brand_B,1.82918242667508,1820.7198187056729,2.4007170345770286
1.0165663513708072,1148.0828879179282,35.126161001360465,Electric,Brand_B,3.004422832172566,1194.8626612293108,4.059536780245558
3.4463842853645024,3598.8642936123115,125.87659248869161,Petrol,Brand_C,0.892668259517981,3779.809752513762,1.0343544535494127
3.120572031542851,3321.3516498117992,144.47013259087794,Petrol,Brand_D,0.909112496711869,3427.8799470277886,0.9361323407366964
3.1870215041229617,3516.7687579917656,127.83349568463575,Electric,Brand_D,0.8926557096871214,3652.9082897366793,0.9699590991717219
3.3138110400578373,3415.8928672593256,125.55518652238763,Diesel,Brand_D,0.9311673355497647,3654.660302251691,1.042286003549085
1.222133955202271,1389.4472853776902,51.025157315433056,Diesel,Brand_C,2.4176560456613956,1466.5893304750361,
2.0753971856328177,2098.3963502395745,81.89260692840442,Petrol,Brand_C,1.4804623962468628,2224.35226206405,1.6161297644179378
1.3476071785753891,1661.4779172391252,51.69459114768333,Diesel,Brand_B,1.9923182157267076,1761.8425160187546,2.3850902776155434
3.5893102776267805,3528.88885626768,149.71407810550545,Diesel,Brand_A,0.8489165948140349,3756.292221564718,0.9078519072886391
2.8698943804826738,3291.267893224727,122.37085231978,Diesel,Brand_D,0.9428327132547918,3359.571685404902,
1.9926940745579476,2021.8638601821851,74.40275150621262,Petrol,Brand_D,1.6431602474495115,2135.3256261205697,1.6805919791928463
1.1906750508580708,925.4544402483991,41.86881962787603,Electric,Brand_A,3.3356029844844852,1079.6251602177276,2.7654538483837476
1.9329469651469866,1995.851528946326,74.56736163436301,Diesel,Brand_D,1.5495878842529558,2009.2319538475897,1.7121157666808675
1.9755499660802411,1867.341028083192,56.002786995853796,Petrol,Brand_C,1.8627213938809255,1987.2304283509036,2.352620454522251
3.1888185350141924,3413.1476602012285,112.40083077858218,Petrol,Brand_C,0.9609973996388679,3577.40033210851,1.0536842272292815
2.9126724140656393,2847.2354378236964,130.1756392370708,Electric,Brand_D,1.0797474909105422,3042.104210662848,1.10223626335795
3.6616382277289796,3653.8591442081092,162.91520624417203,Diesel,Brand_C,0.7739072106125999,3955.1360085936735,0.8551961511811018
2.4166447754858478,2085.8243446086763,94.17543062387013,Diesel,Brand_C,1.4156685921522967,2325.3109098404693,1.4509029898364532
1.358782737814905,1298.3799135366667,60.11687914315387,Electric,Brand_D,2.1244969713171997,1507.704953032599,2.254185727308116
3.1397343616689852,2719.3094343492908,128.70187601219476,Electric,Brand_B,1.065044129926385,2958.917088952461,1.1023431423561376
3.2823551458506923,3046.6160881128376,162.0830139185801,Petrol,Brand_A,0.8926355734272072,3378.423913063083,0.8851643668666498
2.6838315927084886,2895.1890303486907,118.54901282268531,Petrol,Brand_C,1.0225551164106133,2979.874866664808,1.0840041888231196
3.3129015398636827,3535.680014433719,131.23688567973963,Electric,Brand_B,0.8766337147461285,3607.2113254754854,0.9447258771384957
2.4813867890931722,2611.3283350290267,89.70006715772263,Diesel,Brand_C,1.2504944098025035,2618.1135844375463,1.3079647989183312
2.568198488145982,2418.134997681771,86.66347632326355,Petrol,Brand_C,1.3266939651341962,2605.059111379355,1.332638885667746
2.282623055075649,2319.7505631281024,93.3395585616982,Petrol,Brand_A,1.2895684164256793,2461.546795057364,1.3532753977929215
1.0762573802322857,1093.2802662923962,35.48678775644839,Diesel,Brand_C,2.651376415630144,1119.153317846959,3.4747115678328386
1.3236742809799134,1111.3635602130148,38.724434143219796,Petrol,Brand_A,2.866068290323615,1123.2371388837437,2.9428758910694794
1.0942875570602029,1413.6201041336244,37.30577343998285,Diesel,Brand_A,2.2765868545374777,1371.1929235719806,2.8608015973400507
2.909231233791341,3137.48057656423,105.5537693155097,Diesel,Brand_A,1.048355072413169,3250.3660123666896,1.1401565586552755
1.94306794322898,1946.1721755029896,94.59413407988484,Diesel,Brand_B,1.4249654835378918,2127.10099850767,1.456651662452164
2.525712073494108,2586.0116815476435,109.84488050925884,Electric,Brand_D,1.1345732624149838,2737.8922931884435,1.2529068501531078
3.722699421778279,3838.790108596772,148.82825045796497,Electric,Brand_B,0.8165551259696009,4051.4173640552854,0.8902846440215127
1.7478766874466247,1381.8869682051493,84.71450888676524,Electric,Brand_D,1.9072368000705513,1563.3500563348855,1.7510594679198668
2.2311487691068894,2226.723109523146,90.01963384075177,Diesel,Brand_D,1.3342814718910672,2450.09890232738,1.4433017167893554
3.266653415629146,3191.2832133355278,122.05329461188322,Diesel,Brand_A,0.9899827066972818,3338.524713495665,1.0731016818794175
1.6863944964748674,1527.41400481173,82.68702063169127,Electric,Brand_C,1.8379351529342474,1648.278723227638,1.6929596747003333
1.230939729486379,1202.0330157173391,54.626689616301746,Petrol,Brand_A,2.5204015122563432,1265.136489195924,2.153425981234419
1.869254358741304,2260.9905205144023,64.3977128063876,Diesel,Brand_C,1.552734157253123,2306.3750772682,1.9652447448851915
1.4836638617620133,1640.5540178602373,57.44316768964445,Petrol,Brand_D,1.9047946743331763,1643.3977486857152,2.08714140285823
3.7890929570277194,3746.2609269447903,142.8075357472612,Petrol,Brand_A,0.8285545683012444,3975.8245661096676,0.8983045712554953
3.424361138693251,3600.450919083526,123.14644823808666,Diesel,Brand_C,0.8920889116340479,3758.198142533929,0.986906194695289
2.9002112695312703,3242.7174699767543,125.27022625656723,Diesel,Brand_B,0.9548519041935394,3327.403670735839,1.0438381586720062
3.614381770563153,3881.1432257593206,163.66943722722743,Petrol,Brand_C,0.7852794267507256,4089.7940636087715,0.814743344919016
3.4110162306973435,3484.1697914262295,122.45497348970233,Petrol,Brand_A,0.9130785580425055,3602.8308445781345,1.0116808941746656
1.5597101766581076,1464.3318708336078,68.01809943323002,Electric,Brand_B,1.8926192207664465,1529.5809740252655,2.0475329073107265
3.677676995469933,3887.6219852564404,140.60065412757905,Electric,Brand_C,0.8134017313873703,4061.5142563165796,0.9329289670554407
2.6180267257469523,2746.648710427418,99.84981519223113,Diesel,Brand_C,1.1481551381963075,2787.711257005769,1.2735240861478434
3.4223204654921875,3666.843549186383,130.9688793772988,Electric,Brand_C,0.8864887814521423,3707.1521163859798,0.9970169390595285
3.6882738997704796,3884.753784253884,138.89104829402103,Electric,Brand_C,0.8221644939602983,4080.4360448380753,0.8862542868867533
1.9540104249155916,2203.2437846174944,78.64563327607193,Electric,Brand_C,1.4926467393935527,2323.8140597207803,1.7505033338253762
1.3301557735830303,1245.5570961605222,44.89672977921083,Electric,Brand_B,2.5642877827666526,1306.4817703792137,2.5693065277273766
1.683805487625825,1982.3126946341058,70.05678776283139,Petrol,Brand_D,1.717485349639745,1994.2929022718083,1.7446260471941717
2.281323365878769,2366.2185635875785,90.7505535406594,Diesel,Brand_B,1.3807371279026817,2535.642115655534,1.3901524871158726
3.4540442977674792,3936.9826180135497,135.77229144203508,Electric,Brand_B,0.8277031135438125,3986.7764802274423,0.9691718706759546
3.5821917497690303,3511.460202836289,134.2120333703452,Petrol,Brand_B,0.8993854720394479,3658.7559310422976,
1.020856391593572,1385.5824234056515,35.06654235805955,Petrol,Brand_D,2.5670241167424876,1400.6188517657492,2.8118017368513
2.532241907732697,2626.245858709009,108.84358856756543,Petrol,Brand_A,1.160435047720227,2771.1623606907106,
2.252233009446337,2169.4986548504958,95.0984922540973,Electric,Brand_D,1.3678764289151404,2381.937101115322,1.479583026696482
1.6663234314121906,1597.9849570055771,56.87738480850212,Electric,Brand_B,1.9579705494508142,1589.9554351607542,2.2896415788426303
1.3595961020010483,1323.2152239293514,55.377167134334194,Diesel,Brand_C,2.3347730843086154,1343.5234506892639,2.3999450771641753
2.012845514210884,2141.692549392344,88.02769180215326,Electric,Brand_C,1.4324658189123622,2248.6812830514896,1.555557065040253
3.8287291117375575,4001.523765173802,136.4551116582886,Electric,Brand_B,0.7949668056611991,4192.531186898176,0.8724149376063227
1.9696087960622657,1896.9777721576947,84.21795376628997,Petrol,Brand_C,1.5577315349064635,2080.180761972517,1.6060779599199981
2.556371865230098,2599.3152652877743,95.62863701974545,Diesel,Brand_B,1.2255703778933098,2742.9104292462966,1.352626779249919
3.1090568766855338,3602.5450792845827,130.06826175335294,Electric,Brand_C,0.8865960809003868,3707.182589162731,
2.090888807137882,2474.3989215180695,76.0029607200901,Electric,Brand_D,1.369645703385967,2492.2312625706572,1.5229408602486088
3.915346248162882,4071.893496557623,138.5650289198701,Petrol,Brand_A,0.8094157249774467,4327.976835503706,
3.8873418848263337,3964.5517059670847,139.21825101422172,Petrol,Brand_A,0.8264181370716802,4102.785945486742,0.9124157923213329
1.7553468874760925,1814.7005153025734,70.69472496565751,Electric,Brand_D,1.7589147519871808,1926.8228848135607,2.082720520062926
2.491745517677156,2665.58263508539,102.26704572430107,Diesel,Brand_D,1.1496436198579587,2734.825338460794,
1.902634929450309,1731.607531874112,67.06223092696828,Diesel,Brand_B,1.8368061349986604,1893.1452850700546,1.9372852315533169
1.8545214831324028,1843.3295676042687,80.56678391306986,Petrol,Brand_B,1.621953778540137,1914.5672481101121,1.6387246047906712
1.1106608420635984,790.8496438180077,27.811233059854338,Petrol,Brand_B,3.8288993844455494,933.7195179819303,3.513320859518553
2.8286930019396905,2964.7810875063033,112.48692209111445,Electric,Brand_C,1.06497109027667,3111.8991008708786,1.139070722189251
2.5080370696865844,2681.5819180220524,88.2113207898388,Petrol,Brand_B,1.2104225745960848,2866.421888202651,1.405766093444001
1.1544362537499682,1077.6285058260821,39.659089071977135,Electric,Brand_D,3.231442830084675,1138.4277066552459,3.575007528200002
1.8359393927098342,2187.6925265786194,73.9115624215575,Diesel,Brand_A,1.5019467724458986,2249.457549249576,1.6897429602871437
3.724797657899961,3549.838411631072,140.38777266315893,Diesel,Brand_C,0.8685585123536893,3756.4291058565527,0.9192751332759187
1.7186856720009174,1458.2616316778226,64.90187143773845,Electric,Brand_B,2.018513224096207,1593.3045965769845,2.0662628055411365
1.4346846162736693,1513.3001363572093,67.45031274309117,Petrol,Brand_C,2.087133592155367,1604.0399754273558,1.817097077741722
2.468358280832689,2724.260647624158,92.96541253807607,Diesel,Brand_C,1.162584661349565,2736.1672969494093,1.2995380621752506
3.956951362331802,4377.054388430338,166.63497561392347,Petrol,Brand_B,0.7256856646306662,4472.105049922277,0.7724781781792404
1.7261658145345011,1663.2637439781151,57.74956403480385,Diesel,Brand_C,1.918527752580313,1792.4614691333804,2.242350869630134
3.0164066422176354,3295.119962637824,125.95430746785824,Electric,Brand_A,0.9504544863251694,3421.0044186789896,
3.284858845986153,3350.0621721090242,145.81004004602514,Electric,Brand_D,0.8741709281114873,3526.090240301087,0.9435384829898771
1.712912631977199,1700.2872021279427,43.80006027781507,Electric,Brand_D,1.9092278213567329,1731.6630694936787,2.4605430853289927
3.1846490458355787,3421.0895379722724,119.41700927871838,Diesel,Brand_A,0.9684433781145543,3518.0025136768268,1.024475790744619
2.10334939815776,2278.766322439502,89.9046971981158,Petrol,Brand_C,1.383114720245769,2384.167519130739,1.4585126145032243
2.8969174917807385,2638.5621832892884,113.84624581079962,Petrol,Brand_B,1.126738204544851,2883.254406909587,1.1983837017878531
2.900589132282684,3255.764714240374,119.73502402502045,Petrol,Brand_C,0.997253668871963,3259.7267724051057,1.137660556398774
2.6073240522242753,2932.468878164672,98.2531102218128,Diesel,Brand_A,1.0989815555598417,3085.4612811478064,1.1946306478533661
1.270869310163225,1171.6071050019482,51.700670281258,Diesel,Brand_C,2.423389210070129,1336.09558960319,2.521056120481672
3.505907486767714,3654.407957013589,138.67952711678777,Diesel,Brand_D,0.8506014705488946,3716.1944154622506,0.9122353826801165
1.9623401949152075,2106.2319463783583,90.17142841320637,Diesel,Brand_C,1.4158209285568484,2267.0070735216773,1.5914034980335192
1.5595555311995626,1644.1534992048414,64.92642968099463,Diesel,Brand_A,1.7895428141196703,1777.3844926918298,1.8472011875061587
1.1223254246642917,1036.3989156988696,48.26904360732369,Petrol,Brand_D,2.9887679281207227,1126.0100576123168,2.9508545655263254
2.7726788295647253,2691.748347737797,106.78838352136434,Diesel,Brand_C,1.1443171893655484,2803.2585882909857,1.2287100713156922
3.032693085526847,3085.7981019187323,116.43166118034895,Diesel,Brand_C,1.0342951460646057,3300.5859949941328,1.1365078152564527
1.0497634867835686,1303.1417694320148,37.66495759314653,Petrol,Brand_D,2.520984862334385,1296.9019959771779,3.671355831081568
2.536279174897843,2697.697050026578,105.39568841969668,Diesel,Brand_B,1.2022972806096592,2850.9509498213242,1.1775477109687045
1.6794873255938139,1636.8492832843676,62.969648215549924,Petrol,Brand_D,1.9079798104020484,1850.7914276676709,1.890761261437472
2.9355183712283495,3150.017355067068,120.31848341809811,Petrol,Brand_B,0.987809163742137,3300.1871209576525,1.0727577144186429
1.5230992870149742,994.2297526224858,81.67797946705335,Electric,Brand_A,2.3118952835520012,1176.6763941156355,2.007657081592202
3.0728132143073976,3368.3782421851247,131.62377560661284,Electric,Brand_A,0.9333693383930951,3489.9143502735124,0.9948713687736224
2.1602060389016122,1853.8372862631854,83.14800623438609,Electric,Brand_D,1.5839825510510481,2000.3607781304004,1.650827656626813
3.8101899662102037,3819.911646864601,164.41973787004758,Electric,Brand_D,0.7719656532787454,4086.271403411219,0.8369844042881265
1.4125628324379798,1214.8397332964028,52.421759567303674,Diesel,Brand_A,2.5863942655321854,1292.7136145381835,2.5993399189999558
2.0231990531507753,1794.5361163937205,60.54671677425248,Electric,Brand_B,1.8744340261509802,1907.4462077890282,1.9962365006324738
1.3404205637217672,1594.3539009173194,43.53595943969665,Petrol,Brand_A,2.0890236739151526,1544.6496539173743,2.3978351461950713
3.774080854835688,3746.6682720648946,132.25531498316897,Diesel,Brand_D,0.8624329005745972,3943.9294108178497,0.9409202807757076
3.632018060142943,3772.2016302717384,141.76558756530463,Electric,Brand_A,0.8457758246455181,3965.6510372590387,0.9396891738932279
1.7738248831454668,1800.0093569284873,71.1371791177142,Petrol,Brand_D,1.6754453606184765,1767.23882849258,1.7898371712935361
2.9799521381025373,3143.341532870589,135.96245864685432,Diesel,Brand_D,0.9599771111408204,3327.586019961271,0.9927251171197591
3.4516666006036476,3537.6989476965923,141.33593776178753,Diesel,Brand_A,0.8551727591043446,3730.2113733658457,0.8883175699292317
2.665602434798387,2461.2205360125968,104.43309210384683,Electric,Brand_B,1.2413154650669043,2620.496956487719,1.2050654222828212
2.5889517350680196,2844.131161564725,111.85212521455567,Diesel,Brand_C,1.0939297586798096,3062.304910300711,1.1040817492467403
1.725556872701355,1650.2610169780805,46.91092181797535,Petrol,Brand_A,2.00677412082157,1783.610397229936,2.5328512655886963
1.2793083034176975,994.756162544644,53.528477717793564,Diesel,Brand_C,2.766955984219802,1077.139182988375,2.294794774645958
3.69164727385998,3683.711513113432,155.37454289326888,Petrol,Brand_A,0.8087701520537488,3960.2723235812023,0.8463002957992787
3.7012541714899916,4068.0382818177545,133.26430440180127,Diesel,Brand_C,0.812614449239655,4256.802820155957,0.8712125351730728
2.8993043718198037,3133.053577894933,127.40971530486144,Electric,Brand_B,0.9407601282457043,3284.0193557680773,
2.017089373146102,1989.3932157649242,84.06853900078822,Petrol,Brand_B,1.4460369121410201,2139.1073575897085,1.601425293970023
2.047628723837983,2016.653317881553,77.75226981451131,Diesel,Brand_A,1.6122175356717046,2156.3941371406854,1.6313721943195003
3.177867036610718,3180.261276429987,133.44250012549156,Diesel,Brand_D,0.9409869762069664,3275.6553857082063,0.9881032118216352
3.691330779857731,4191.860456456076,170.3601597723532,Diesel,Brand_C,0.7398741865096612,4337.951280952417,0.7493608785723158
3.661259272795352,3811.7808799728623,148.26903346239902,Petrol,Brand_D,0.8134712719994227,3992.1344666317573,0.8762796602544202
3.339626637572872,3493.6686026940447,136.06727136591823,Petrol,Brand_D,0.8888880352319245,3738.4688985466814,0.9191015515705613
2.9260949384628634,3188.3767235407877,112.45018854311209,Petrol,Brand_D,1.0324726646250941,3321.282042517965,1.0827921093445085
1.2524198949851466,1320.9769028428282,41.59835210475795,Electric,Brand_B,2.401408797642269,1354.782481322594,2.920094901148025
1.4848861422838413,1466.9271150480988,67.6988038567961,Electric,Brand_A,1.9686111869344538,1567.5608892308912,1.9409138003066202
3.695662565581238,3726.0254279463225,139.26566436416084,Petrol,Brand_A,0.8504943743690958,3980.020631100917,
2.8192871789787697,2861.710501861629,113.4871495313447,Diesel,Brand_B,1.0891611397112648,3014.2273284198086,1.0594926502670476
1.027591154849889,1038.310243411093,36.32707172634439,Electric,Brand_B,3.080935317075574,1055.7472566337885,4.7008043466621485
1.3044146285980962,1478.423729026186,56.966383401387766,Petrol,Brand_A,2.0778596039582315,1515.2863743966066,2.164532672022552
2.9905053073241676,3062.3729011585456,122.95683334583619,Diesel,Brand_D,1.0062406126324868,3279.4694396015584,1.1248377350615308
1.015184751538656,1187.2041617338346,50.982789504125236,Electric,Brand_C,2.9514655119965973,1254.0827092308834,2.674004449637185
1.482424154252496,1493.3792393215558,54.19680218155237,Diesel,Brand_C,2.1321225628804608,1574.6968242475282,2.335735537170096
2.6462013680997583,2713.5030588485047,103.14930537105661,Diesel,Brand_C,1.195385962965938,2864.343643727582,1.17529633019749
3.07568559307808,2732.6653494543084,113.23978656530014,Diesel,Brand_D,1.1142783777709335,2943.141954347239,1.1901493236704186
2.9558837785078014,3196.0455227180732,113.79241853955094,Diesel,Brand_A,1.0338326982594002,3309.0043316632127,1.0542982703755681
1.6728079283816792,1777.4482845941357,70.6853220657157,Electric,Brand_B,1.82621814072913,1829.3829803614922,1.970378919023382
3.1365376640426077,3402.6553823786167,133.03139272815784,Electric,Brand_A,0.8928488685242414,3534.239963588664,0.9365239454611023
1.7117472624904002,1162.1203054805824,59.24823725783976,Electric,Brand_D,2.425267388904884,1428.226965950637,2.4378049858153577
1.9761990944778032,2437.746046924033,87.74402298016872,Petrol,Brand_B,1.3284993129615605,2423.159100336181,1.4315753874001615
3.2394742153540723,3283.1239633241435,143.13534720221242,Electric,Brand_D,0.8993786932865753,3454.6611512123022,0.9464551588116067
2.9488986971416438,3231.5804089480985,122.09029691790276,Diesel,Brand_C,0.9804693875063112,3295.4645688168744,1.0073306264290072
3.5476702314825337,3420.026429749869,160.67476738488202,Electric,Brand_C,0.8157644448666027,3613.021903314345,0.8313641318158829
2.97283867690103,3150.9812854560473,111.17565508500549,Diesel,Brand_D,1.0276150789334102,3272.777650662788,1.1048608807894933
2.704925810006415,2542.1179400552555,95.75048536714243,Petrol,Brand_B,1.2247364707375434,2687.4247830061618,1.3940339390620253
1.2810243034842774,1172.9973961702806,33.45376965032831,Diesel,Brand_B,2.7717358837634642,1332.867878648182,3.6753206729262806
2.1031474091783005,2535.4968496926695,99.08633948202385,Diesel,Brand_A,1.1807501965656648,2583.514143503942,1.3645429439896872
1.7956071030451763,1796.6545932351808,78.36794068534763,Diesel,Brand_C,1.6990255902048061,1978.4668493967026,1.9356207660562839
1.7319689301372507,1809.816960021388,68.72291049638547,Petrol,Brand_A,1.7592232174538296,1945.7320435361705,1.7404635570689444
3.9190316642573366,4172.825686811833,159.56095283349165,Electric,Brand_A,0.7361954202150317,4350.96060378997,0.8112366999653531
2.179293174000281,2316.387969838316,75.9168364870275,Electric,Brand_D,1.3925136495352448,2508.3510445055317,1.6225252909197976
3.67613966553134,3791.974999768766,171.50310641742186,Petrol,Brand_D,0.7617373037540122,4039.489291870654,0.7649183497889808
2.8934158779917887,3024.9225019547457,117.02884693942383,Diesel,Brand_A,1.0602609604274302,3249.8149108714897,1.1190554874878753
3.3844339106249453,3933.352679858124,136.47130437104673,Electric,Brand_C,0.8038800953125936,4098.105727147122,
2.5079112793155764,2550.1745786146644,107.57411741160998,Petrol,Brand_D,1.20471959964127,2723.815494127501,1.2442437314921748
2.7307116538790774,2827.9507424583358,114.03855847253023,Electric,Brand_A,1.0808412608187612,3017.117304841572,1.1931426133312932
2.4775530814565916,2738.3544424086413,101.34096350105497,Petrol,Brand_A,1.1612822637967344,2869.409186225788,1.2372963590667743
1.5857289633941334,1834.5963569763862,55.52441398131222,Diesel,Brand_A,1.908937928552915,1810.8964276623187,2.1693294107748744
3.167356345784516,3470.466875597963,131.4089374027406,Electric,Brand_A,0.9294490077355277,3609.822693462035,0.9890759267273107
1.8423170873225674,2016.3195959572308,92.51292845765303,Petrol,Brand_A,1.5263975318869547,2174.000848614011,1.516816045328532
1.0729478992943615,872.532974964927,56.37211643332424,Electric,Brand_A,2.8460185681727603,1073.4834503488835,2.6778216135854183
2.9364168877215033,3329.79746506935,133.3885417752541,Electric,Brand_D,0.9521081770392746,3415.1721786710646,0.9775344906454432
1.5313320382211468,1330.1335219996763,56.14112476453403,Electric,Brand_C,2.3841856376355754,1481.0264774814225,2.445950321471083
3.821375753058743,3953.382337066432,142.95898191976391,Electric,Brand_A,0.8101760875249798,4148.963003808417,0.888004992010027
3.861785731007762,3787.5373410235475,153.21356003931402,Petrol,Brand_B,0.844822277785747,4026.313655850282,0.8551332819988038
3.7445931706613456,3806.9359893174174,150.3409759493408,Diesel,Brand_D,0.8021094285679354,4037.7790209714653,0.8671988302537662
2.1104761007663333,2223.9090624347104,95.36095921536283,Petrol,Brand_D,1.4425449341601277,2355.163779457386,1.3987944634766452
1.0463698495866023,1123.1063665198149,24.930147686315898,Petrol,Brand_A,3.2992834329604457,1172.2246631062756,
3.7849556877631763,3952.6867039627996,166.6937307051332,Petrol,Brand_D,0.7634498705047293,4241.266934828078,0.7779862256092912
2.284552444951943,2652.1957081698165,89.80201881228783,Diesel,Brand_A,1.2165018060774546,2752.5764632879086,1.364021307843121
3.899964457131009,4066.536201226688,151.72976758576615,Electric,Brand_C,0.776902532791648,4276.346066729837,0.849266415842811
3.8908599312677588,3914.7852809586834,145.51335349810867,Electric,Brand_C,0.7816716290238767,4221.501494108816,0.8645935476504097
3.5590283664020803,3814.752084028464,125.81256793742551,Electric,Brand_D,0.8602079500504961,4007.822672203343,0.9678479098125841
1.883346676208757,2163.0235604376694,83.56557288796941,Diesel,Brand_D,1.4009714658868004,2227.816620993674,1.6798285246854063
2.1552931858057756,1953.2440763304346,86.94490710411506,Electric,Brand_B,1.543708374448577,2063.2152387640303,1.525868251619501
3.553410014550571,3737.5084243128485,129.23679158461232,Diesel,Brand_D,0.8655054355895536,3845.152395691288,0.9859759859600331
1.950766015468833,2123.5404903800713,65.07985289811717,Electric,Brand_B,1.513654170035733,2233.266997160781,1.7257997299759618
1.5084782400582775,1477.456180690994,56.98128260942982,Electric,Brand_C,2.1311802267379347,1537.6168925159466,2.2937942631449517
2.6704037873750504,3007.2983334113223,123.50636674789595,Petrol,Brand_C,1.0109429712518947,3074.7762004703145,1.0412798718541159
3.808464322482343,3853.3245347686666,149.74265938565767,Diesel,Brand_A,0.7945637374809427,4031.062215055529,0.8758113178350663
3.088089390024919,3167.450753754136,108.4921460698157,Petrol,Brand_C,1.0421416601731284,3279.947484508481,1.1326050485819525
2.710183510268095,2728.5441002962534,105.94990976986436,Petrol,Brand_B,1.1992158180207728,2926.3292303345306,1.1656607326819837
1.2915294813123057,1319.112262606107,48.933943555015524,Petrol,Brand_D,2.3685827189961404,1379.1595178907562,2.6486477113696703
2.845021680097509,2669.182663105711,86.83200077448465,Diesel,Brand_A,1.2072468224991986,2765.9797376508277,1.4219311947802311
3.97016155031279,3761.283130467598,158.26351334733346,Diesel,Brand_B,0.8197601152016111,4042.0063293457547,0.8231209884902171
1.4202520457095722,1766.4034266177146,54.50073652629611,Electric,Brand_D,1.8611972919839412,1790.0375618479422,2.0913692562436124
2.55498895709121,2440.177498393436,109.16162193178258,Petrol,Brand_A,1.1878817464297995,2602.9153799586225,
3.632119215783866,3515.7279106830088,163.7743295808081,Electric,Brand_C,0.8567811179549638,3842.461920284027,0.8800450673491544
3.2223058532626134,2861.7067727548615,140.1578844259821,Petrol,Brand_B,1.0098962108541447,3123.016471210771,1.0088622993630207
3.0910472229858037,3023.731374454845,120.95300201388385,Diesel,Brand_D,1.0254896303109458,3274.0409315137204,1.053633902291156
3.1074522519613277,2899.4507087753464,113.2328309910364,Diesel,Brand_A,1.0734987954720332,3140.739402882846,1.1701238832164385
2.0784734536592655,2461.3127537759738,108.87253617886923,Diesel,Brand_A,1.2278830010784845,2594.383973423156,1.2426757694586275
1.88077553279348,2120.650553487949,75.82320565188408,Petrol,Brand_C,1.5502348585182812,2131.482815786562,1.7105070648012577
3.428083466435541,3359.0847131882715,137.26263157655112,Diesel,Brand_D,0.8816982186419229,3583.6939208144577,1.0118864289292457
3.4303401840375423,3949.313523351605,136.97235649040167,Petrol,Brand_C,0.8225170339007372,4048.3359899956567,0.922899941453709
3.601216955740311,3870.584816057275,146.029525837291,Electric,Brand_C,0.8221583161291879,3964.6552065044425,
3.739721657669414,3748.828012061458,148.14526218753713,Petrol,Brand_D,0.8250303599843781,4024.4776709545004,0.9339862363597067
2.534027196582813,2081.958287505354,95.62446779451015,Electric,Brand_D,1.3761271945895295,2274.9387261672437,1.405241649637426
2.504548884061599,3010.094081554777,94.71336595006004,Petrol,Brand_D,1.1114640798510647,3020.576699539433,1.3218316301532098
3.3948855369003255,3184.7049879345327,135.46788877385305,Electric,Brand_B,0.9467863111170627,3379.277139108585,0.9635513541293235
2.9498917923332955,2677.0927549329144,112.56142398199417,Diesel,Brand_D,1.1430505489423375,2935.5540146895005,1.1460067544428238
3.10590063177311,3368.9685018971145,117.10756744415275,Electric,Brand_A,0.9733276219223546,3415.719793099913,1.064942818127954
3.3873780083083034,3943.6082008807834,136.5594226092511,Diesel,Brand_C,0.8309922686204604,4068.0950363033926,0.9125923313771687
3.670016025452699,4018.996023576752,144.2508688438994,Diesel,Brand_B,0.7925951428538496,4217.802026529964,0.8891630057183306
2.0139854705546076,2174.5669689190854,95.5993487080112,Electric,Brand_D,1.4046960793878025,2312.7086136894945,
2.126748857919832,2274.979854369321,58.56025623286317,Petrol,Brand_B,1.5404146222659931,2368.8054636210395,1.7061082037210678
1.281945819522607,1483.7253819287332,62.192901300128895,Petrol,Brand_D,1.9305265111868346,1574.6361448766036,2.2606097743712725
2.7348404229885217,2947.5533753681334,121.85446884451717,Petrol,Brand_B,1.0253650385151563,3040.3212718226987,1.0307095279510685
1.1078268213902263,1175.8546914498654,23.579170531527556,Petrol,Brand_C,3.2888692093809913,1269.3546222184461,4.598734895165678
2.3967940543973807,2463.8567183053015,92.44488623509174,Petrol,Brand_C,1.322528391107797,2566.10770216968,1.3492666011725278
2.62793390412273,2666.116752295301,101.4029475049513,Diesel,Brand_A,1.1336146226392512,2807.2652230387157,1.3194566337885003
1.8596237563848532,1738.9857552656258,60.309833308215914,Petrol,Brand_A,1.943164699257213,1836.9462395342473,1.9834699248092693
2.7724997817070323,2767.9256785298635,103.12182439237255,Diesel,Brand_D,1.118838119843291,2948.1003417977217,1.2468181705681656
1.0915007498171483,769.186522747085,32.55427153802765,Diesel,Brand_C,3.707438878007818,855.5789133112681,4.202474721157105
1.1120445662476433,1123.3788844307642,62.00448708414196,Diesel,Brand_B,2.430050457439873,1217.4645376322214,2.229926216304046
3.4678016819789748,3344.117886154108,148.0688512106336,Electric,Brand_B,0.8888023288669732,3529.190731277732,
2.0805719242337886,1907.823274750281,95.93842791929313,Electric,Brand_B,1.5550441153900467,2144.513906951001,1.5571618165027445
1.3811815379556545,1448.3923592656793,62.46398215865853,Diesel,Brand_A,2.0384133864440974,1562.1832155391721,2.0422059251810483
2.566729780164413,2890.8195741805353,91.37867349440424,Electric,Brand_B,1.139559439039554,2948.456637523829,1.3706790077304472
3.3099806592958325,3557.220992350813,127.15402370903556,Petrol,Brand_A,0.91939264469079,3675.04650980208,0.9707252551453082
1.6474630824905296,1368.7590962218444,70.79226891190036,Petrol,Brand_A,2.0356254322171616,1562.9197091593169,1.8812573248182272
2.868671427457001,2722.0085896476135,102.52557900936057,Diesel,Brand_D,1.153297383375101,2869.7648566917337,1.2600097737186222
1.256042394981304,1472.8824726294351,57.371680100976036,Petrol,Brand_B,2.0632884884078404,1521.8402430395315,2.0902593648210868
1.155045163505823,980.4469610774868,43.79855255865157,Diesel,Brand_B,2.9999729651606253,1139.1343697727018,2.9448463876872775
2.594063894704444,2599.14443856138,100.01434771268178,Diesel,Brand_C,1.249506658465866,2707.586995402156,1.3205350822109354
2.6219053648303197,2787.9086917728537,111.98581427524769,Petrol,Brand_D,1.1160092102916754,2941.116789253229,1.1122033588534888
2.9122897044946194,2779.0879241692146,120.93422129464517,Electric,Brand_C,1.0664684878727941,3002.9158755230383,1.15112448977727
3.178274001167985,3261.109751591441,123.52129838852859,Petrol,Brand_D,0.9474112997935926,3424.957708156409,1.0474885510622531
3.927556238387604,3745.0989131885362,168.6955475691466,Petrol,Brand_B,0.7921473016249015,4009.4442203768735,0.8069129336661085
2.548901044903586,2474.2002203734155,91.14540852014446,Diesel,Brand_A,1.212453685511803,2686.598350904386,1.3529125338314014
1.968869418823738,2075.2828720634416,84.91413282239215,Diesel,Brand_A,1.5582298206758212,2151.492948860741,1.4720082119739741
3.385558584306111,3137.6365155757417,141.35335595192828,Diesel,Brand_A,0.945857991028159,3308.649018193227,
1.8124967537862227,1935.293904257457,69.404405758309,Diesel,Brand_A,1.6592723687288702,2046.8677623822252,1.7858694456201964
2.3169142621169083,2360.955652685121,95.93790070709751,Electric,Brand_A,1.3028052694758185,2435.9890581437335,1.3819877879435911
1.235369144026798,1364.318949908837,36.903629997218886,Electric,Brand_C,2.7389105141858585,1428.478490971012,3.6387704946721806
1.0760522302463724,1146.9762367602666,52.282359401923905,Electric,Brand_D,2.4963813600140665,1277.960136952546,2.905140672785309
3.887945244033775,4237.607724227004,153.66878839692112,Diesel,Brand_B,0.7488451774242645,4429.665904703674,0.7859657973666591
3.5079403615366176,3600.530454194336,135.09038425627432,Diesel,Brand_C,0.8742204990687502,3838.2185771415784,0.9950462719815948
3.0879226182810937,3069.0450085508496,134.00699698961265,Diesel,Brand_D,0.9634779398190887,3374.8334813277997,1.0256197507804559
2.22685883324281,2292.333792061409,82.0309164242848,Electric,Brand_A,1.4139906126548103,2450.6231980645634,1.4507173298852212
1.5198829602125374,1651.897918742248,46.71070544486591,Diesel,Brand_D,2.2433402502352093,1712.089654834877,2.4057320002448797
1.469311128013258,1500.6862187710444,43.20615338529129,Petrol,Brand_D,2.3653553284492332,1640.9178398736065,2.4738641275028956
1.750728694493786,1796.8916563811665,76.08924729320783,Petrol,Brand_A,1.6679431762252093,1989.5317121858313,1.698729179076561
2.6476799941183615,2553.8331096768966,93.10290623977163,Diesel,Brand_A,1.2398201022723399,2800.695435087818,
3.143787768100187,3082.8573108619225,143.29945254385115,Petrol,Brand_A,0.9407193122598964,3285.3854053655523,0.9472815761711085
2.9805921301531937,2749.2732713569,98.40439112729054,Petrol,Brand_B,1.1481781894405596,2875.4427118821745,1.2380576041801556
1.8398016908378285,2234.9953551334233,90.55663131641353,Electric,Brand_A,1.3961702024748313,2264.131960077181,
3.8645958419895825,3694.1701990871297,156.69400835160948,Diesel,Brand_B,0.8138201868425906,3998.4784209846935,0.835052691635781
3.2136907500873058,3138.8999599705185,127.58049888478831,Diesel,Brand_A,0.9633616252975205,3353.1868135876634,
2.663062157534202,2569.917352137002,101.07329543327859,Electric,Brand_B,1.2065333232000879,2729.8322071075177,1.3030903923954469
2.835162238703057,3072.8460394377666,117.39785069164297,Petrol,Brand_D,1.0459462291104233,3229.430125268536,1.062742512879125
2.2588001872833696,2244.7980818585074,89.9756604670863,Petrol,Brand_C,1.4065670310119522,2309.021739560446,1.3942754141770584
1.7431929685034724,2033.1217518183714,80.76073756030411,Diesel,Brand_D,1.4831523363641095,2103.335566430425,1.4926008527042427
2.0679180359537845,1975.1494100673967,83.85899792477178,Petrol,Brand_D,1.460289097126263,2175.4145143742257,1.4706244549429506
3.2735383313931075,3395.5594392730395,132.44455087034308,Electric,Brand_A,0.8958013746115063,3597.2878262304794,0.9503779887362513
1.0431804658892676,895.1566034940323,38.09109651343215,Electric,Brand_B,3.298548690827729,1016.488511834914,4.243400828734165
1.3482179215207486,1803.927377387236,53.35926062361927,Diesel,Brand_C,1.9859328633503979,1872.6930166469933,1.9551985958149771
1.1380079260652582,924.7874096251212,48.59833473153092,Electric,Brand_A,2.9733985380194485,1037.0218507667616,2.695595799183293
1.1221864069569105,1198.043435178171,27.78577235171016,Electric,Brand_A,2.779151614596709,1191.8961049939674,4.1048761806410345
3.5663817520330214,3757.723836149573,129.17341586026373,Diesel,Brand_A,0.855236882691681,3972.6912952499106,0.9359164791717072
3.110973578140071,3259.6691896632856,131.87158406582998,Electric,Brand_D,0.9443281646671383,3486.293475009084,1.024607294493299
2.4225214872619754,2434.768712422313,98.60951387175842,Electric,Brand_B,1.2384400964235829,2608.1481219356733,1.295268006459274
1.2935024819530043,1292.4884749636158,49.900265914593376,Electric,Brand_B,2.5688575786700842,1359.523125204261,2.870951368644304
2.474847625350497,2533.199041918656,99.17824434467381,Petrol,Brand_C,1.2458957825913484,2670.365107672434,1.3471850776760195
2.420415312341697,2441.161126789642,100.2924295472846,Diesel,Brand_B,1.2828279476329514,2523.6119606144257,1.275804678226013
1.5196056097300454,1740.0747468820814,55.386627586108204,Diesel,Brand_B,1.8826566591438623,1834.708187341197,2.0252571677471254
2.301554947713919,2785.7991233594566,84.27915065453364,Diesel,Brand_A,1.1964769191019176,2869.251579688607,1.3776957689495626
2.19551420319212,2128.905356529884,89.77902067866162,Petrol,Brand_A,1.422436290536045,2211.311519356985,
2.8475502941566493,2625.6488402358914,104.11828399011566,Petrol,Brand_D,1.1986616540550765,2869.5881612005237,1.3520032961420105
2.9052809526029315,2947.7714257633115,120.29376566126197,Diesel,Brand_A,1.0367346123042773,3139.919062373579,1.0985240944116423
1.1359120293161336,1666.059219412131,28.41064513026694,Petrol,Brand_A,2.4131755042309484,1551.547043568792,3.006478201968273
2.1238378438794134,2010.7254653496839,95.24507012843299,Diesel,Brand_A,1.4650381567418007,2115.9155361946564,1.4648541736972638
2.8775797471427094,3265.317690586442,119.8291647098388,Petrol,Brand_A,0.9673810667506842,3386.18851243254,1.0580406025873466
2.509408775740263,2896.4172627419257,102.93664837274929,Electric,Brand_D,1.1293302227973696,2953.535332205371,1.225006340295984
3.5694695235649667,3535.0547206143947,152.6056907820538,Electric,Brand_A,0.8685468504178024,3861.8436599050738,0.8834944476251314
2.976080894856835,3157.7265008133395,135.69798023889916,Diesel,Brand_C,0.9740537826798338,3372.5742697128326,0.9829251750455837
1.488803281244289,1849.330521819973,69.69583189995286,Petrol,Brand_C,1.8039717453479291,1905.4534783913768,1.8668802475736936
1.2117062422012896,1150.9104476911596,30.059507374735134,Petrol,Brand_C,3.0177803282960896,1234.312817855408,3.152891145583835
2.927257834618947,2938.689034457175,104.29454371740086,Electric,Brand_C,1.0890092616072258,3159.387969083989,1.2993090016808362
1.0795339316248653,981.6643345791554,36.93317148803783,Electric,Brand_A,3.1792413048637886,1098.9639158067212,3.6494518867509247
2.75732674382039,2609.652387809279,110.55398025492393,Petrol,Brand_C,1.1374834305109873,2830.0065513186883,1.2392668023077342
3.820690724274873,3769.837324849515,158.00421917568613,Petrol,Brand_A,0.7868298820287367,3968.0012746832404,0.8331091010229924
2.7264225336276366,2532.534211881971,101.79946321357082,Petrol,Brand_D,1.228966221506406,2877.108419321771,1.2760798197973997
2.164509778619566,2215.5505016661878,88.44805878955341,Petrol,Brand_C,1.3747473684264313,2282.855307375782,1.3743575287899694
2.9298646553270595,2830.690387560106,109.64075688954915,Petrol,Brand_B,1.138799941854126,2999.359239592812,1.0985194693262674
2.3747586714745497,2465.9534382472307,88.8751688290625,Petrol,Brand_C,1.2511507734190266,2498.2908243157885,1.461129580715587
2.6368503679478046,2371.374940581794,91.40740374942996,Diesel,Brand_C,1.357248363585025,2588.5210396176044,1.403218345451819
3.8243944263295755,3962.442195068504,143.74344459207396,Petrol,Brand_A,0.8139086422155043,4158.003330073069,
2.158307913402323,2361.4214409640726,72.81547047992959,Electric,Brand_C,1.4501832002788049,2468.285763089855,1.6909222718665788
3.883571691471743,3557.616630522,145.58413512909638,Diesel,Brand_B,0.879377409927995,3754.2305638503717,0.8851760266066212
3.716051925868191,3870.4524873381083,159.17849500080607,Petrol,Brand_A,0.7868701254171446,4133.985400914381,0.8321095317078571
1.5873734043678893,1859.907676505746,54.00094728639615,Electric,Brand_A,1.8308334715047851,1846.0304729342881,2.2984380584730646
1.2080839026254964,1003.4792872639523,74.64717675339377,Diesel,Brand_D,2.3425263933815565,1148.9207154981586,2.1112486559135317
1.30233400413228,1665.3617510868705,57.026539174100094,Electric,Brand_D,2.083946859793778,1724.874573891156,2.320966602200645
1.054665476954649,1160.4867689854254,44.0349803151347,Petrol,Brand_C,2.4441311529610235,1218.4383152585674,2.6687615256476476
1.283328882267785,1163.701299860553,42.74957748889927,Petrol,Brand_D,2.642774206398318,1268.3483104086915,2.524308476847468
3.0490203202490704,3102.3484605195554,128.96391160405273,Petrol,Brand_D,0.929980840969023,3325.0876408668078,1.0165265591603854
1.213565945380687,1346.6244576614563,42.78625955284974,Petrol,Brand_D,2.5796511460116864,1405.6316765315132,2.774486864962678
1.956926890881284,2011.8765560546187,79.49717378170497,Diesel,Brand_A,1.49296267058849,2103.0769885650734,1.6208898842280033
3.5346259329083636,3725.8700727471487,166.98588269902248,Diesel,Brand_A,0.7816223269807618,3929.776612416164,0.7888140966481004
1.0698158072074775,906.5971052371306,41.8320332910526,Electric,Brand_A,3.264207239529223,1012.5828295003699,2.9228693557301746
3.4434054477668075,3551.8920881607874,149.22895117352905,Petrol,Brand_D,0.8309075565995631,3709.260382164968,0.8912908616996518
1.8455643243201998,1596.2168292999784,66.79080872154911,Electric,Brand_A,1.9203610395734738,1796.0729743557802,1.9452513874549138
1.3544944828649688,1359.1642178000434,53.82989440962913,Diesel,Brand_D,2.310124135485998,1453.4078089678464,2.303474747720253
3.090211496092452,2980.088200899521,141.31646620005318,Petrol,Brand_A,1.035207941322145,3217.8263726342857,1.0079710269520912
2.886828540339652,2794.324287339553,109.2034710357084,Petrol,Brand_A,1.100001131035743,3036.255172444709,1.1337407904089112
3.632416040581159,3961.345239224854,163.42112720321563,Diesel,Brand_B,0.7848158159179656,4134.68540814037,0.7747661581849393
3.205213131411657,3491.1181778360215,135.28604461102105,Diesel,Brand_C,0.9016373102145236,3627.7451856100597,0.9234211495600987
3.4104427911545456,3597.666937279601,130.79304388723915,Diesel,Brand_D,0.9021685368566555,3732.1802356852504,0.999762860894493
1.8461037177139195,1667.7252778289596,80.16822609911198,Diesel,Brand_B,1.7362448813479334,1840.8066554009165,1.9177795341986554
1.5323186313391686,1504.5460862751252,71.01828974983404,Diesel,Brand_A,1.885002467768695,1632.0505353292606,1.8603479645379153
3.251844254922575,3562.6097298279487,136.29186981907495,Petrol,Brand_D,0.8788275956489034,3671.580229549991,0.9636905043844433
3.420504217801792,3509.4065612863565,121.11792151316712,Diesel,Brand_A,0.9119674004387964,3664.418276003524,1.0110325961205433
3.97151542600202,4511.175956639275,151.58924528183212,Petrol,Brand_C,0.7131787106421761,4597.64760500861,0.7794725032926414
2.2378530307342794,2360.036066050082,87.03893487385612,Petrol,Brand_B,1.3569674283178998,2430.914438606931,1.4989029598992227
2.1160542573783494,2196.412998678423,83.89783600413352,Diesel,Brand_C,1.4451179586041467,2219.693112838266,1.5561387479501905
3.3292388822259906,3337.103727517763,139.37627626454642,Diesel,Brand_B,0.8917819708752881,3533.0496601721507,0.9414439599126072
2.0224106207590538,2090.4555191353575,82.67343483969469,Petrol,Brand_A,1.4347934982532486,2115.746028415638,1.6732360388327139
3.792271976810694,3830.9467272772486,138.33743548532675,Diesel,Brand_C,0.8230623186600445,4007.5771460949522,0.9271345762356313
3.5752382555290354,3790.265745232364,146.81150873122104,Diesel,Brand_C,0.8351984076709532,3936.84277809465,0.8780737435053767
2.2869820821250553,2527.115115852892,97.58514073784045,Diesel,Brand_A,1.2223945760337482,2678.0609730773654,1.3375556509259732
3.252613203374492,3163.2665275800473,135.70243261429007,Electric,Brand_C,0.9449892630541253,3333.9427713448895,0.9653820364866935
3.263628622254047,3068.0585076153457,141.3529521457081,Petrol,Brand_D,0.930198569204332,3281.142639520925,0.8933393863783344
1.3093716065077978,972.487574790039,60.71408580580095,Electric,Brand_B,2.690130424570443,1111.8593028827136,2.42154826578598
3.7076587200387,3885.706060218125,152.8981495938324,Diesel,Brand_B,0.8189728165680363,4050.43663399785,0.8667286732188147
2.5157571173435715,2345.048109898375,99.9286275791564,Electric,Brand_B,1.257578440717456,2597.5455926272425,1.258961509365223
3.4793723983232248,3110.0769230316128,122.56528659776907,Diesel,Brand_D,1.0460899504425452,3310.855579334108,1.1104631215532184
1.9601488030918353,2079.215591155528,82.70213431499927,Electric,Brand_B,1.5171744210145615,2160.4852100659964,1.6849596354430854
3.6865696854886014,4259.939421120747,149.53966429117514,Diesel,Brand_A,0.7700744062986716,4386.178232889301,0.8462777522654984
2.1676050362024895,2211.1008488045372,89.41998982005332,Electric,Brand_C,1.4271046280414887,2380.590838166308,1.4817083088120968
1.032512954440895,1214.47762554094,28.533032419432708,Electric,Brand_D,3.137977914522111,1201.87216215357,3.9561917713128447
3.7161459292577907,3801.4294368504184,137.83527176622903,Electric,Brand_B,0.8218818455675316,3895.220662956047,0.9137535823883407
1.2738600303584007,1284.8250645940047,61.48592974766507,Petrol,Brand_A,2.1542289604278646,1367.3557412891062,2.2071574773505014
1.9579409127712446,2180.71725185494,77.92208497228323,Electric,Brand_C,1.4822175480547846,2320.6465353056615,1.5303236949606245
3.8501859011524147,3872.542213824596,160.82244301982283,Petrol,Brand_C,0.769882699524125,4123.4139861914155,0.8189650112447604
3.8518214408126683,3982.4779243239545,154.35604139381132,Diesel,Brand_D,0.7951800175027072,4199.701582830411,0.8473625774125698
2.720313664369858,2839.208279593937,109.11010796975178,Electric,Brand_D,1.130188849028363,2925.943618924899,1.1377173583453575
2.895511636509398,2824.495197540856,125.20330352013589,Diesel,Brand_D,1.0285331115489902,2968.2198611003355,1.1059461526768009
2.3453365659349594,2588.0715435198763,88.65301535522464,Diesel,Brand_A,1.2393218446848633,2673.406153467435,1.4936263125450777
1.8796323150941936,1882.713613941701,76.14650037317759,Electric,Brand_A,1.65241427012215,1924.9981586178956,1.617233315833335
1.9859936361097479,1872.2531004898487,74.81699255733949,Petrol,Brand_D,1.706128427420676,2046.2948075679633,1.6407757029040055
3.017555368231115,3183.035963172657,116.35725245492145,Electric,Brand_B,0.9709102055877853,3282.1434104234127,1.1142759092393224
3.25712358831304,3141.0266031037504,127.1932222978352,Diesel,Brand_C,1.0084014417174565,3353.802969555787,1.040695706999964
3.374737131177546,3448.978774133091,137.21082296343897,Diesel,Brand_C,0.9038866660239326,3545.6583340494285,0.9736460063432945
3.3688544283836617,3432.013974514177,129.96669091871172,Electric,Brand_A,0.9109802238127382,3594.6420082439663,0.9742642642891477
1.273618309146071,1522.5485691231759,63.502293621578055,Petrol,Brand_C,1.8607144263820197,1508.7229302036117,1.8845056872248818
2.4832609141077446,2623.3927424547924,90.38436354211476,Petrol,Brand_B,1.2256254535661628,2614.8451012314645,1.3284969449653494
1.1726762800499329,1190.1900556810958,45.03833476038372,Diesel,Brand_C,2.573191274427331,1281.3369071622549,
2.6485866469712067,2862.9129844593176,101.54615529610652,Diesel,Brand_A,1.1375576556437637,3054.424926860434,1.1945233045351387
2.3245915041201313,2656.359733427765,107.45343900834258,Petrol,Brand_A,1.1407388550280309,2807.6599255459496,1.2207452453952221
3.663112548274899,3848.9196343933277,148.49004969611173,Electric,Brand_B,0.8092737428913173,4068.5778262090002,0.8435371716657694
2.052745037656236,2101.0296850753803,92.4282469009358,Diesel,Brand_B,1.4793225207233591,2209.309067545678,1.4105081883559243
1.3512010492828175,1108.430021933257,39.19243824094298,Petrol,Brand_C,2.763362074491615,1256.067396191975,2.7820515329037927
1.4289750461585076,1245.8670657959494,59.829504505032894,Diesel,Brand_C,2.1967657603270925,1433.4255785546968,2.381232537535698
3.2845318951524165,3293.6257461626483,140.27758376233103,Electric,Brand_A,0.8992418717717774,3509.064443087663,0.9984036847888976
2.854654189948783,2790.256253262279,115.00900749070556,Petrol,Brand_B,1.0893031381203526,2916.431343220037,1.104471064749346
1.3033680283683706,1297.3685302139756,62.78952488538834,Diesel,Brand_B,2.2976062588877637,1367.7835022433685,2.1584233563211743
1.2523204183449923,1286.1103694408116,44.91993223279597,Electric,Brand_B,2.840426556884681,1431.8671019882386,2.83209453437528
3.10290739437736,3277.9508303371813,138.2097701769502,Diesel,Brand_C,0.9183789886946977,3446.5195900031345,0.967717241859152
1.2182890190925806,1240.0495344807102,71.72054199989572,Electric,Brand_B,2.037067211643156,1177.0404584073733,1.761257103614893
3.4655801778710686,3630.3779173915323,134.99482151044617,Electric,Brand_A,0.8559455617525004,3726.4644285695995,0.9587680634579704
3.1187266814694885,3191.7685854538986,120.29404204477183,Petrol,Brand_A,0.9697901320861192,3336.3788325670507,1.0906563882018783
1.2440463419256993,881.1008778790275,64.29569844820497,Electric,Brand_C,2.6749176601951046,1101.9247802815478,2.3761128533111537
1.2545131422555758,1099.63418706559,65.97624714753016,Diesel,Brand_D,2.2427688353248683,1215.9182312045366,2.0659408112878603
3.9599187355035266,4007.685298933508,153.1681491486084,Electric,Brand_C,0.7696307774938782,4280.605792719088,0.7919658132326568
2.122812387268361,1921.2287523600273,80.71062731977587,Electric,Brand_D,1.5909911129832754,2056.303302643984,1.5866552206153166
2.111926441200673,2272.7417929796247,81.65921155942185,Petrol,Brand_B,1.3819454081911986,2264.8529138511867,1.6333425054585193
3.438398701772508,3806.594589721526,124.09144296055753,Electric,Brand_C,0.8771421563564393,3894.5145186426544,0.9222442986691533
3.841745732151576,4157.73975740165,144.48330982122107,Electric,Brand_A,0.7721965419727038,4328.513167160781,0.8587386261063759
3.9580031914686127,3989.453977278183,148.27871999122382,Diesel,Brand_B,0.8087116760534571,4218.679417570171,0.8749566722033855
3.260134555776825,3619.643486436831,122.72740658003171,Petrol,Brand_A,0.9225370087471059,3669.0774227120455,1.0351532348083095
2.128778756592747,2200.9143987280904,84.80430138984208,Petrol,Brand_B,1.3766447454480426,2296.1339122955965,
1.2505021500960063,1209.2660725370013,52.36223332920545,Petrol,Brand_C,2.358804177455857,1430.2903499458141,2.5084272461040884
3.3314407477823105,3283.1415324938393,148.7626348394332,Electric,Brand_D,0.8832005704016531,3454.2818864958394,0.9043229289372936
2.6752127492074154,2663.2312966902446,97.0249695609087,Petrol,Brand_B,1.1920988524608986,2844.2012112582293,1.2364461388002914
2.2726660277409287,2245.4055965798843,100.74986509440299,Electric,Brand_D,1.398858561399312,2297.1486955252076,1.3886306236915735
3.719063155284208,3826.457718643862,146.62263776911323,Electric,Brand_B,0.818158367796767,4068.1023538540844,0.8454678817650008
1.3335924469184541,1392.131773518534,52.84906078021383,Diesel,Brand_A,2.208845636515492,1415.0812298594165,2.517503517843461
2.4778753128725777,2531.416120621545,105.86320743656914,Diesel,Brand_A,1.211287907637042,2699.607183136752,1.156439695387733
1.034060934302257,1136.5161768297605,30.1352171564673,Diesel,Brand_B,3.240132985464157,1096.6516739705505,3.453893793194285
2.405981925982379,2694.142868190215,100.06337450113567,Diesel,Brand_D,1.136444976722667,2801.1483815091865,1.3175822924569427
1.168909827045512,1383.0311117157523,48.420915163951044,Diesel,Brand_C,2.344623351266728,1367.405712740559,3.0503846061960522
1.3564537488042157,1089.0654864103599,59.18266259225011,Electric,Brand_C,2.43167446322894,1195.564723629175,2.2800712812117743
1.3525787403313148,870.2919313770892,56.99483605233077,Electric,Brand_A,2.7226559638614245,1074.3408475661822,2.7009068456374417
2.9476309063481905,3205.7240074225633,142.45823765303658,Petrol,Brand_C,0.9405312197466363,3346.2734698673935,0.9534433293200413
3.2381346377962696,3026.332890947854,123.14798566933764,Electric,Brand_A,1.0052621888399644,3272.4342912323596,1.037316377690342
2.750106295291479,2757.5003560437626,104.69428226164098,Electric,Brand_C,1.1040862527051711,2903.5209013535996,1.1781552035762815
3.8865176454236257,3727.1096904881024,149.22930055269737,Diesel,Brand_B,0.8006873794508552,3986.2099163666176,0.8454697660917875
2.124611738571112,1803.9305002307294,79.42969835124194,Electric,Brand_A,1.638009736190247,2009.4656189933391,1.7947889157146195
1.8571362588455822,1999.3845940269189,67.91157908075812,Diesel,Brand_A,1.6443623537383147,2055.3013728822316,1.6799010641419247
3.6057973845683806,3835.689446975815,156.12206069381074,Petrol,Brand_B,0.7943357255406934,3974.091636234956,0.8532070351947068
1.670787515558358,1596.0037069641307,81.03654310223287,Petrol,Brand_A,1.7375076050429112,1705.8996700398359,1.9654431818454963
3.889667618321834,3446.398780790541,149.8792417953786,Electric,Brand_C,0.8430985354989844,3819.6283699815394,0.9208861632478776
1.036463424069449,943.7820250348204,33.13498123173568,Petrol,Brand_C,3.6574326824523924,1017.8294308931771,3.6516460353557654
3.9096364801229173,4068.547088587817,161.09961476878073,Electric,Brand_A,0.7628003722431679,4236.169466377484,0.8262033289510654
1.1294797358517283,853.5259015925321,39.656958991259415,Petrol,Brand_C,3.6632635878720006,988.2801373506466,3.461376465497307
3.6734293410942134,3786.734570960706,153.26649182132365,Diesel,Brand_D,0.822861299646931,4017.3890419663503,0.8468350625317695
2.5831033272588995,2632.718039073735,105.35336329886898,Diesel,Brand_A,1.1586804879463528,2806.825095448962,1.2458283723504018
3.978894388357901,4166.751855470291,143.9983343843437,Diesel,Brand_B,0.7683814104549386,4296.286003605765,0.8698008290008732
1.2213896942061966,1277.4710877798016,64.33063978154848,Diesel,Brand_D,2.2644658246491267,1328.6312190231083,2.3785220204290476
2.6615628532039626,2529.1597104572083,124.42129085911372,Electric,Brand_A,1.1015089822849453,2708.4308144758793,1.1181783966992362
3.9079076068572967,4222.316115874919,150.18841736944802,Petrol,Brand_B,0.7480552882634606,4366.684644522256,0.8782867344559926
2.5692935325104465,2587.0349807555813,98.89472570105802,Electric,Brand_C,1.1552256342547274,2758.774738915328,1.3322990428394281
2.8881959144057876,2941.9282517455417,118.38649048348056,Diesel,Brand_B,1.0423387163472886,3123.5707602393622,
3.0872460669538517,2964.009680428225,126.83441057802433,Electric,Brand_D,1.0246467424860266,3197.6694214582453,
2.3636231943033197,2325.5319293144485,101.13037049886108,Petrol,Brand_C,1.3153288062514197,2552.546695179091,1.3362722167629073
2.8826742402521903,2773.418204945686,135.40901499775111,Electric,Brand_A,1.0490007188872306,3032.8274811281954,0.9966469652682763
2.7529429357693007,2772.527846362532,108.34824515583153,Petrol,Brand_C,1.0889561370387881,2924.0431507278286,1.1289626074479104
3.703474031472967,4115.893721908203,140.15598881353412,Electric,Brand_A,0.8117791267630765,4184.449508238832,0.9051737538128927
1.1363391410243735,877.789099118517,31.660373360829674,Petrol,Brand_A,3.326949966285331,941.2623171173894,3.186538740254422
1.842889568776691,1553.380430377167,66.40628235164846,Petrol,Brand_B,1.9930619107697052,1697.8064282006333,
3.851234452229676,4222.327571908622,153.7181083604491,Diesel,Brand_B,0.7626765104787536,4420.142601880312,0.8176897404634517
3.670791351672749,3711.3152325934198,164.77723270208782,Petrol,Brand_B,0.7987746207610266,3949.0097087571125,0.809035884974451
2.3669702583571386,2277.907059297117,89.50269734392383,Diesel,Brand_D,1.3853269359025484,2397.163947380585,1.3068300070101642
2.8603977934046103,3126.7056265101123,116.6537912525734,Diesel,Brand_D,0.9918233260537493,3211.780102481511,
1.8321435489433981,1747.5811974945295,73.1215129970084,Diesel,Brand_B,1.6278469255013424,1870.6970268337548,2.0028498583170005
1.564363479171284,1966.7946578313372,74.4584719013322,Electric,Brand_D,1.6355703271723196,2042.49550806218,1.6009381401450518
2.3910952148199467,2587.1369555135675,120.91313285153409,Electric,Brand_C,1.1318907271228782,2808.8492719409005,1.1695690034455597
2.0600566840781585,2001.0211922659796,77.09357963392314,Electric,Brand_C,1.5661244901549776,2118.1802301778166,1.6973814725089678
2.750968335552616,3235.0021477041782,105.14433899692243,Electric,Brand_D,1.0131615526779767,3293.67473473112,1.1976819606019586
1.2332039108949546,1141.9458088975314,59.769765206488906,Petrol,Brand_D,2.4343054512800895,1189.1549917988802,2.4335949739304135
3.9231844229984993,4153.476643308462,163.7462918162031,Petrol,Brand_C,0.7303026736905485,4449.997265425748,0.8088457517854483
3.9586322334388084,4106.896930817563,176.81236259491268,Electric,Brand_A,0.7170812486461582,4272.412393326376,0.7447373953855271
