Indoor Temperature (°C),Outdoor Temperature (°C),Humidity (%),Appliance Usage (kW),Solar Power Generated (kW),Time of Day (hours),Wind Speed (m/s),Room Temp Variation (°C),HVAC Runtime (hours),Energy Consumption (kWh)
25.4901424590337,24.261775475316412,70.99033154879004,3.2783610761666377,1.027375207517933,14.853064986097655,1.184384884245218,2.590320456226072,2.136506395035066,23.533423901504634
23.585207096486446,34.094166404701305,63.869505243691535,1.9488142836714666,1.3988369304991375,16.840923302664304,3.279229978440996,1.6863432770243485,2.968796511060916,16.133927768458
25.94306561430208,1.0143242618085875,50.89445554880261,1.681801116577693,0.9453060553000271,10.343458084083386,4.172788933156712,2.022611354499991,3.0180168720444467,23.578651492884067
28.569089569224076,20.629692366905708,40.295948334416394,2.496625542589048,1.2844269292526718,8.938816327461248,8.775375314680382,2.0255989509405428,3.4726303458434056,20.587356234495488
23.29753987582999,8.493574308781731,60.47334970420385,2.3298153774750716,0.17446973313235015,6.57424736721101,6.113106249067516,1.749107903594234,1.6331416367191736,23.804048446814882
23.29758912915246,10.128746162353039,55.90228078132624,2.0467719506727247,1.649305595161057,7.872947350105225,2.3290368618002173,1.3137672260579496,3.5925672738473304,24.559063215554122
28.737638446522176,9.076060757611309,63.42789830041598,3.1963874474567153,1.500843832753557,26.745472126543625,5.972072578835274,2.161487251808834,0.2956083683972248,29.920783142106064
26.302304187458727,6.36009230320184,59.52757702522954,3.4553052085705107,0.9280379582522666,18.22339790368393,1.905392022123269,1.9694980140723082,2.3701154476361896,29.77543659098283
22.591576842195146,15.48521627944827,65.74329072979003,2.5884068862918475,1.9614719679026835,5.244628168959894,7.165382107774146,2.2501202347182847,2.5117261575484555,23.75789316332611
25.627680130757895,6.690498835889622,41.97147182659148,3.977530081055262,2.156299096338591,5.38771021628215,4.057750696364243,1.7331998467804166,3.6333268260712384,23.91399441380427
22.609746921562614,17.70456825779839,69.76091098451488,1.358310885866495,0.3747080949417181,14.409330308592457,4.812727622521658,2.610410649406524,3.022630852676869,22.071915618452774
22.60281073928923,14.49761890550863,52.96399407038599,2.306340540720282,0.96609265500365,14.736323986889834,7.65159329508438,1.5616131093940777,1.5944369461437133,22.61002855901519
24.725886814698104,12.610519531335903,81.12891308937898,1.7831776793971952,0.9616003551488913,14.744419176586822,2.4256728628315,2.8560201420089464,2.0150068741829847,28.0191480445143
18.260159266026605,5.924363379584021,39.66218272865648,0.63346338292694,0.8420678292237948,10.725221032231511,2.2057636297740175,1.1261817450858693,3.198680009547407,16.736462658137697
18.8252465024609,9.232286694316674,76.03945704747875,2.4173193141573006,2.080632389352224,11.3727286999855,3.8328013473079903,2.2173850322784454,2.9209326581354436,25.48278839268005
22.313137412277083,22.55391225825756,52.96866175193972,2.3782524916167165,1.3643217028590375,13.639397620796787,7.076757702038633,2.2377153412633115,2.4208758903642535,16.780801993466397
20.961506638996728,20.00917187624381,40.22872994578327,4.0134497432421306,1.3148396110825724,12.429465031466652,1.9613078490463152,1.6022214660295588,2.5191662104880206,17.365732876838013
24.94274199778582,5.224447552014489,42.741712489185176,3.1308116845547778,0.09729634491527261,0.9034981362623249,-0.6643111962211377,2.212196968930506,3.696167997159289,26.282167053401356
21.27592777343637,15.993323054292258,45.1947903770852,1.475813175670795,1.9447926211464583,10.851001847124031,4.097682283182002,2.6397593348800794,2.4823074271307854,18.648466153208144
19.763088895994127,22.51387123371789,56.36248919602875,4.354092566334188,0.6325191236025692,7.742967828698432,6.103481599821841,0.8915905803229678,2.9119087559709267,17.65655618735631
28.39694630676466,-1.6940528112137159,57.84253232053249,3.721033695525353,1.5419528411864298,12.87605709454256,7.400523499477659,2.2513724037454073,5.169936588080542,31.678445549377148
23.322671098540393,20.43360192379935,41.394499940921314,3.082097703468616,1.6941638565707342,26.92629501301705,4.073677275829202,0.7533645898349612,1.576317363116077,20.690662854938694
24.20258461406377,8.373762410541534,49.634681116085254,2.273515901150168,2.4524610170870558,13.837408327371522,4.177146785767995,1.5171675982383959,1.1481572684253414,22.815124755998912
19.72575544135963,20.70598668593159,82.13405537917795,1.5405607632765204,0.5838257206166216,10.43235156913801,7.307801468511494,2.8145831824504723,3.7835896647986065,28.46619694923497
22.36685182642445,7.367408434574831,75.91314755151066,2.127793223928947,-0.6136585090745776,16.60900750988626,1.2605166006091588,1.709108983303973,2.3213569387058968,32.30390980649538
24.3327677691296,-3.0488210066451913,56.54485504511048,3.588748619704186,1.6286946813275864,14.413439436046064,4.222958449633982,1.4130600177955137,2.68176247225738,31.611579411043312
20.54701926773309,-1.2754243788316266,50.570052172523006,4.384586305934609,2.7603578270575975,14.100472452259206,5.380847779850115,1.901031135507659,2.218843621868886,22.493345308389344
25.127094055037016,15.48084946661382,51.80046990077392,4.043243528272189,2.3672624470576062,15.034252966078355,5.898437442570069,3.033953169081776,2.7401998592324874,25.076803202528456
22.198083930243584,17.597225017214818,59.20276959095625,2.011150578213726,1.646761590692238,22.282717824147706,3.9803866136182346,1.084158876396987,4.598538112096342,23.259912971627774
23.124918750620168,5.956833748955914,34.658111522023916,1.3803825667109888,1.155854670057567,6.345557823370422,5.068882023411683,1.4743450441803279,3.802128458618119,18.88786851564537
22.194880163311808,21.38592458777374,46.139351938649824,2.640886246911204,2.064985817646117,14.368160384057273,0.02334529317402101,2.748715841589813,3.862223511886977,20.35447105578783
29.556834553526812,-1.6152006226895992,24.97123889183616,0.7315606344371484,0.818517660206872,7.368094350092308,3.6835031753323033,2.928851171768866,1.5837729442073545,24.522076552181545
23.9595083257862,14.339202013526835,55.98834683907919,2.8231677141847813,1.8334504385493535,14.777563231711241,5.9070174251089345,1.9482843878548581,1.8488462634471308,23.405648994581796
20.8268672131323,2.889838002375434,59.707939095541114,2.3523974137013313,1.8538291114166388,7.4065674425695285,3.035411931490641,1.3804736487366789,0.16092134051457307,21.2991516422024
26.467634736309567,8.481638921978409,42.75220306550939,2.0339634981317576,2.242146935249216,9.913165931974579,5.117968443179195,3.0479217509045795,2.1906191789172462,23.72689179936978
20.337469050086934,15.47398671316414,73.6098014493505,0.9052969327332046,3.4317620272377543,10.524550428810468,5.893745001605396,2.7972211958745983,3.9567031863856585,21.400790798036077
24.626590785014265,6.395866347160476,31.613515054964882,3.0136001065697164,1.774691177025137,16.879083596723547,4.31490159828447,2.3394734938811164,3.516946515748371,22.719250114913002
18.120989628360675,11.154444557701746,28.034376796852698,1.9672991603380887,1.1437254620047508,16.59227221971207,5.340927541993142,1.59379882553129,2.778486737047876,14.775442682072315
20.015441853304708,25.062928092144404,53.36677727839958,1.330083164289712,1.482097981465604,5.771413117768078,3.0745348694307753,1.9754853295809816,2.977699716281947,15.736091464890519
24.590583707607372,9.231081304768512,65.70647453918232,-0.3722622132816493,0.26164686657761727,12.274670554999243,4.586777440607907,1.9198199594775847,2.3111144574245945,26.440770101085317
26.215399739986232,23.356921120651418,75.25891537186803,2.4724850949493637,1.0137008082376593,8.452100726254137,6.220432339178445,2.165425652307789,3.204758882401784,23.152411842950485
24.51410484356991,3.702931453423819,43.1167360569659,4.272251596669744,1.2135022933208273,5.707475446623327,5.3139459219368685,2.725500719065668,3.765878279480615,29.583883690585807
23.65305515283528,20.29804177915283,66.18021250146944,4.16125921454787,1.1331381214457852,10.914914747878148,3.826937460872129,2.4397085205687015,1.3841132125895272,20.250976542801055
23.096688913232132,29.415686206579004,49.422372957489394,2.0429037434137283,1.6066484104236054,10.457586057720901,5.448432808581586,1.4613119615076209,3.299647687837348,14.933461978252314
19.56443402889772,-9.716445001272895,47.41059050088771,1.8977879396382193,0.9243060473324597,24.13358243172761,6.429219581273236,2.688248225009769,3.9324348709546673,28.838857144793135
21.840467374815873,7.031047445295232,63.25489906230008,2.9687742560750237,2.28472146712713,14.16479912680348,0.900117442845044,2.1565660700065776,2.5848997110366305,27.543226773573352
22.618083687120638,20.7707212718054,59.78484317620129,1.5016145608117086,1.500144945442738,5.111912496228814,7.318148129911796,2.343532897929458,3.700700612120584,19.710512548795986
27.171366678656746,12.969546139570074,26.354117645236258,2.8017918998194657,1.4934897752029699,9.176129979145289,4.327490522637856,2.7332704296393016,5.814654444472553,21.411882451608776
25.030854868705383,18.711458733713087,72.14810524588844,3.26608027838469,1.2704736984409575,17.106916477146992,5.85097986648046,1.4442098752432244,2.895657207013108,27.148430707139937
18.7108795339118,8.960148132841795,70.70137031221176,3.7269332238843074,1.6086334787012855,22.442213864349625,7.394493847290455,1.9820872106467686,3.3933070500053235,26.29536936275633
24.972251908184386,15.865897874728999,40.61655947735706,2.399845923520047,2.0775687852673443,4.070083438810208,2.256652605539068,1.7342727243203924,2.2619429163386084,21.542113424608736
22.84475315875105,13.443227646079205,55.93705300156114,2.296326249823034,0.8930088490023698,2.600378074304775,3.581117995144907,1.216070287317272,3.1812511626020505,23.813890941934044
21.969233999082125,26.677820616598073,57.41045279424108,1.622017413243439,1.0393184576473204,21.35482587685891,4.422902608248591,2.17335498880246,3.460271624982304,21.425467130472256
25.835028866522602,17.54420843301213,53.910106487358604,1.6731196459601398,1.2873917798563348,13.94807088685452,3.432492957751143,3.2557782757922116,3.1948423402701382,21.317029848584063
27.092998567487854,18.37602662075202,41.7454226923187,2.2735211080984734,0.5578903535687496,7.658536340618168,8.469873151673617,1.0799611277471235,1.9803046802911433,18.598158392537925
26.793840357348596,10.881230338775326,39.92564948092922,2.867365506816178,0.9265194981949516,14.673145430612177,3.2864558123464143,1.983859694475265,3.206361771325451,23.10275028063197
21.482347430332084,10.123937759275066,49.61668893512832,3.4135846262332494,1.1666453885187387,-1.1787386950843892,3.8889064410262666,2.3202714675373866,4.462195938717636,20.802998477309217
23.072362872446355,10.674418121803791,67.59093528889048,1.6968210493196552,2.1120724264989095,12.016877532985806,5.408778063205953,2.0615391008280906,3.448635764514527,26.02117762505684
24.99379029421069,18.94452142378297,58.15400231891648,3.9926885689595215,1.6837929303013475,13.639105864215427,2.5957009478478223,1.9434359737421298,3.961987189071841,23.948458583880047
26.926635381367078,10.790155191797371,44.44078501870841,2.228876398957431,1.635512937957281,16.62135069768915,4.2086385764874725,1.350391818277088,2.762988029987372,24.52168485575148
22.56247728646413,17.89774856896413,61.57548065972517,2.478632705651564,2.0956285735175806,6.930520238537311,5.6349065225003505,2.1163933714700818,3.7499002394237104,19.849714334648187
23.44302307000855,35.75400798645439,7.27186069054887,1.7527883208521766,1.4038397481204223,12.428435807016795,4.334279191234978,1.6216180114920369,3.279267838216526,9.767811744473928
20.680995077981915,23.711247034316923,67.23148550558156,0.0757597397270584,1.7733253949502226,7.372876869702063,4.8132262822001035,0.9050391475107233,2.049089270312768,15.448388346192992
20.411380127757987,11.739764678321588,23.904293318328506,3.3840453963610497,1.4277447729472525,13.276918778371586,3.9413357751032585,2.5972961102568655,3.3185210047988747,17.655121322048043
26.437577467182592,27.012139221639448,44.563385878953014,3.2368438970924336,1.6857536445797399,7.52326838818488,1.971059381638466,2.479192909921021,2.0083033365596896,19.945170156643293
28.06872008571247,10.919246269784486,33.20495158060784,2.2186724428817866,1.0920689396718926,9.959495804198896,5.643186422678477,2.02583048842554,2.367119725115208,19.71262050697958
23.783969635258998,-5.381245351778539,30.579777864186415,2.566990717224872,-0.20717201079350023,7.020923026048854,8.509866143294483,2.1145373441028514,3.189328307292374,25.583610889814036
27.010598693676073,4.919136890825959,67.41240181067779,3.0159392177040996,1.4060045864695871,15.255681209118286,5.0368032615668765,2.537159006357781,3.297244273380124,28.46396213091415
25.084908075142902,-3.707919210258556,42.98448198032163,0.9374541431134573,2.495923695269958,16.29225558328333,5.450528234495099,2.112169828389041,1.810767534922871,27.059895809638196
22.06464073618463,11.484865159586914,55.197558225960734,1.9709473226537053,2.1483507815691145,10.82689715021293,6.385445510233719,2.4520087773806574,4.053985771182877,22.566612548276222
25.084186816525243,15.184183791895517,49.29619131681224,3.2942646796218273,2.1757782392138196,12.191189974800142,2.4613390069066017,1.851258899563075,3.572006278300473,21.95095766902208
28.614109699397908,31.764373122752826,57.15561240834682,1.2457105768307506,2.3652915052643526,4.75704292683228,8.405029316259212,2.6559918692869733,2.2952715643891164,16.65168068021215
23.892521882670145,18.269273737641626,51.15232836590383,2.793557932166629,1.5620603136730062,10.501616759966065,5.404657592845604,2.160392862966342,1.4624152035508247,21.468471134637884
28.693930967442018,12.808994711911357,30.755116637171454,1.143418195376595,1.6381209951839169,11.748976914791276,8.263713798178218,2.097025971802937,2.855095420918569,17.777773888279597
16.140764687730766,23.29405581183489,64.94400229170711,2.9664299824335263,1.0676436731959549,25.103965455149876,3.5339340089520213,1.364969455643984,2.55405628613884,18.442245388119396
26.465707513125672,-7.11135309007885,42.593651252580315,2.4643585177025162,1.2787490007810651,6.440164871129182,8.63612384511565,2.143477927150854,3.113140457053023,26.5995353615157
24.261141204714512,17.35614558108566,26.651271520103734,0.8848681840944905,1.931039804839799,19.32088619376219,6.550310988069566,1.5840225412527744,2.6368833388444335,12.550781446338602
23.102977948602398,22.708651938869668,43.578272585511314,3.664739354457171,2.3427191060181713,16.98429386732904,6.106080171704717,1.680858636735753,0.9925431392549902,20.46613275014578
24.275282329606508,0.2141375422015841,72.51139685951466,1.7654084232019507,1.4023876070233003,13.403182022450682,5.468048908706296,1.5923121858419393,2.6116530616988416,28.725574703993615
18.037293256197323,26.43754043206929,62.753326131702394,1.6897475629856191,1.184867514604012,20.793102420975668,4.5029427638511015,1.4668825340503875,2.694380888931687,19.593702164004927
23.340984336487463,18.38496407494414,44.77021798388211,2.700569197230943,1.5003695711996181,13.860527363034315,7.401063316947745,3.0623857015084806,3.633661024774059,20.462577395756558
25.07133771453524,10.847120860991987,44.76113443522357,3.648637349428715,1.9208447242503803,13.945795978339644,5.280719739696094,2.665669530994202,2.3018003253889505,21.04705812010824
28.433682134224547,21.32781866106285,45.17547423173926,1.484178181021603,0.48930162870652083,11.734396734912274,1.0658605928256955,2.9601837510721305,4.678674673372566,23.154855791024918
22.44518934517906,37.70692857804396,81.15121975341262,2.561679849847972,-0.10732666719606665,18.117844412093138,2.765627076585995,1.3885524902222182,1.088359449348243,22.398437125201156
21.574519191320437,16.818662550584953,55.7290317834733,2.928816500330573,1.1146242053558915,17.482346169054416,4.6283084956145055,2.035626874955446,4.311167497802624,22.83986411028426
22.49472886924639,17.48220586300336,56.45062470786604,3.193105607263144,0.645501301860089,8.871613562518938,5.61999796633111,1.3532461873979522,2.775681029121895,24.09367417202209
26.746206353106224,10.406391004597559,65.45425181047763,2.676441555277225,1.1443018616468823,5.403764027006163,4.8868230222002085,1.652152561401468,3.8595848723435564,29.7652213835284
24.986253328979053,6.501556305352082,53.581837385397705,2.132972160916678,1.39655377682777,10.985096813021714,7.437941579587326,1.5409365082917126,3.079801484058733,26.348459429459293
22.410719388698883,23.303358165442454,46.11436781268945,1.6724097793512804,1.1827261136838907,7.999807178011768,1.0977962719227503,2.619792003220781,4.139555536025469,17.672231557902062
25.539802299340067,6.439161740911327,47.05475226372533,2.5861438830463745,2.5167272741295217,11.682377126923225,5.28717587301032,1.80188516094912,2.6126380354471888,21.30870015382105
24.291232648044122,15.715662372193925,48.92598110878904,1.427860988014393,1.728721335221624,18.187190673420695,1.3640415492256905,2.5341896668470083,1.9013795748221878,19.984546939285913
26.90593497159867,10.223425532348834,49.44166645235238,-0.42135048349460735,1.7103320517275797,9.713491724566051,6.519424590968336,2.302060444794259,4.420504287271063,22.986116813336757
21.893840718367944,19.789798257463918,60.9144431545547,2.936559804157668,1.9355450008303814,11.785883093442125,4.811082571115994,3.1518193760523943,2.886519354117859,22.970026876172824
23.017013560206696,18.336621052869482,50.77918828710949,3.4039348410861954,0.7028168175534617,12.290113674041976,5.839219944048236,1.260277888430138,3.2215584736242104,16.94204255998394
22.823675540603528,25.375399442578992,60.98960115823369,0.1370675644581616,2.227378251194188,16.242154411026423,3.2722340788204676,2.6296166198933992,4.234751914044795,19.740080479928583
19.609455155603644,9.89983601145253,48.78925129837126,1.4902692952900625,1.446964999425178,0.7655533300769743,7.558929863315502,2.573220435200364,1.968044757905565,18.204530786222264
24.88836083119373,12.301250647066286,51.17952785474136,3.119154261005198,1.9693364320688487,8.966498526173517,7.083449328117703,1.5133105809864826,3.5954908976392574,22.350471677092884
24.783165816539668,5.212362842176926,20.026989732018386,4.557495469711698,0.7496999368718912,13.056418461397364,6.167088606023775,2.50356666823658,2.4101052435371093,23.372720556404
24.015340369927383,10.557067399238884,63.74491512053722,2.520793707675408,0.41236886378875504,18.000394782134308,4.740965506273119,2.1680724815131143,2.867830644355628,27.928863606281276
23.29623859987456,18.773004930448522,55.19732713846989,1.7719970587708656,2.0725227606175203,9.540487762468974,6.159714570590264,1.886261870023296,3.072278965384289,22.477356941211838
19.753887773848756,22.569886166453518,64.97015164789478,2.31710355889516,1.7634866682682615,2.6172364697906296,3.586214864025302,1.5880322565140002,1.499778138553064,17.693216445788735
22.738064031703924,5.778346758223746,6.556169327094658,3.874876419148185,0.8685639119497428,15.098557229830682,6.711111318041424,1.640445274275407,2.2211629571795655,17.779105266076968
22.971856450419693,23.696059201056602,81.32562057171091,1.8540358208754646,0.891235843107714,8.823188055871853,8.298961788647842,3.024906047892963,4.351072892413139,28.339094410829837
21.593168192335142,28.55637858804951,47.90615557767239,1.7008079933497464,2.2878043490903384,6.051666704548193,7.141221119958372,2.0003414094787413,3.8861911885847955,17.119645161322115
23.516142865001974,19.134349032237008,66.62274225106275,2.0172564778179676,0.6674116749928706,8.87827305143388,3.540795060385181,2.3910650007657295,2.937360422672765,21.5636367526872
25.212152570443614,33.76795812558066,34.401411093117034,1.5466713917412878,2.6498710672791743,11.077373211720753,5.722834634546206,1.6045503091662234,3.243123458512893,11.371210323000128
29.65855770363159,7.26210800896427,59.191608575938545,2.6226703159947955,0.869565485746492,8.976276677308936,2.4137169124827045,1.6100735268891806,2.7057574943635423,28.327979656807077
24.523733438495515,2.55345296688583,34.198766552395156,4.12467845846956,1.946874347925868,0.9721697145046537,6.144780622351352,2.540992404624971,4.356583385827982,24.379977546743593
24.772651172168292,-2.7872024890427873,40.64346558956292,2.8230792731160292,1.2699670669757108,16.485330984435663,5.901206825725078,1.325211894224234,2.7996474222058363,27.178499425578355
23.7766622527015,29.96044311489183,78.71047030800179,2.2476464978737125,1.9222312017576402,18.374375206393612,1.2603673209356718,1.7923931160473643,3.231842092134848,22.173896150042044
18.243686354102877,21.543656563540576,47.1397639885498,2.208188731084456,1.1191201985200652,15.257609956697529,2.6764323121752724,2.017013705536116,4.146030144142065,18.016956015637216
23.920458373652348,14.44415329089545,53.26149309769584,0.936809191303343,1.386044965749394,6.311571647875917,4.433722206512465,2.0556863009200264,2.2226285151540934,16.27977473283845
24.18069062982308,17.799686263198204,63.05101596033131,3.383109777147159,1.5286434227770047,10.99254233026241,4.398280505718348,1.9104533574919218,4.558789184496894,28.20876631170081
31.38972633745586,3.7451095270162345,57.43522831958907,2.4221628029871978,0.7984687809529691,11.967393423852709,2.5810461291623894,2.1979098905479617,1.4695385902566231,29.080647552957075
23.422917105656634,39.45751979616826,52.256283577153646,2.3195200864093746,2.018577041794088,14.993971947809552,5.777957458704368,2.346427877908906,4.629642131112798,15.604783399131213
24.904642027000836,16.292211819752275,55.47441503699338,5.69310756784486,1.1407505034698904,15.341702443590403,5.502947217881024,2.367318772729665,2.6273244160480256,25.12991220029956
23.89586469088427,16.093947946048928,86.05123377857413,2.798752908365686,1.339980059261987,8.32913100610752,4.611461736042961,1.5070980956660867,2.7573012521747184,30.500635026695367
20.493965887141403,22.25766623898692,49.13571804449622,1.7482089499048157,0.8039554377740414,12.409977782067802,3.488416999683274,1.8579224510356014,1.109989828817057,10.701483934094849
27.42846844354506,19.810092317367133,53.016485700724516,2.0736424037944565,-0.2936335611567171,14.286402023076207,7.097414252833127,2.597381430938469,2.545205282622307,23.006130663737068
26.255799098060322,17.238840242791312,65.75981594011418,3.648445709196755,1.3662805661798818,19.279111610733832,8.310814226176591,2.447323593786936,1.9601934689731157,25.612374558503706
26.373095841129143,7.095255445546881,66.58288899436975,2.6132704105377647,3.188830795129041,15.522532699123616,4.032877032306926,1.313570274259468,2.392353654626527,26.590347693337215
21.271837635615782,19.714683571359956,67.8054545834057,1.0617220216826333,2.049223001528617,15.945283436877595,3.7756661656903585,2.175739950176101,2.86268903421112,25.068474985349162
28.2083829328083,33.82024496475034,59.580953330437765,3.4192289345752034,1.4865177341859237,12.419133139646805,5.982415330823993,1.0108873753125949,3.9577916144729057,19.163361560559622
19.794446811623157,28.454200461549775,32.854926309042746,1.831855914461006,1.3159764195542127,19.05229572601752,4.283941240506028,2.023467451030185,3.2076033514006257,14.254590414355853
25.76057128140081,30.93186626639397,74.50147298451644,4.373297776217545,1.5157261249684324,14.048813979797487,4.7212055986735315,2.9488835083729885,3.307676653401114,25.75829582006567
30.571366877429938,9.887843235688148,32.804819104719684,3.5800480657146485,1.882983380622647,7.6945604491321475,6.479306303449343,1.5260536413655068,1.9044806111544377,24.554733886799283
21.028391024607934,5.103951797414192,54.5395319785855,2.0526781043412488,0.6734310292838086,19.016849850625952,1.1812878249854144,1.582838477254209,2.11924591039727,23.576657013389795
22.301106811191683,13.742130799003519,38.68586224970963,3.781016361735113,2.2800251862682104,15.489516362695138,7.636604649705339,2.38201489078643,4.798725018351312,19.289490970705295
24.298954095262925,15.557249122886946,49.03792480110511,2.5678555105274032,2.000766920808871,9.784779894357587,5.145361048658683,1.228599242395177,2.2647989652367535,22.362056094205617
22.489573037651404,25.941915184709487,54.93143615455221,3.3527736751222195,2.002730007995554,9.602535163003783,4.17701371087564,1.6836224850574806,4.656208252057295,20.83736829087231
19.3480097068016,-1.9246462971481932,54.8203582317541,2.984732817294475,1.8069330171668092,13.482877725703808,4.8215316915571025,2.2982205687908763,2.7569388011191336,22.662348961636756
24.205688924418084,30.295503194606137,56.32881131352927,1.6536433450091264,1.5137316603857929,14.315923976337924,4.924858710041037,1.6828570761552983,3.002287936143504,16.8373864587705
20.813088858821686,13.419921014210106,74.20566903587971,1.856450167682538,1.971002865176774,12.986461328156032,1.5375973931101492,1.8820150063945142,4.07036516022993,26.890213923972173
25.420777291905544,10.731189300525799,56.803014522709695,3.529960817581161,1.9142698936189646,13.556543367214424,7.989876454906472,2.372092855157517,4.271892421938657,27.89941080448391
21.241727297298592,4.878956247398325,46.33765047064027,2.165224667893459,1.2521715023412834,20.499786872881902,5.082651264541237,2.2107730417682805,2.8891874397209123,21.987311253973832
28.649803215052618,-1.5485667186576926,64.46130752432536,2.0963515367580032,1.0984787589721694,17.35771576117443,5.88600426089475,2.133409198147701,2.611756946478461,26.111379388110407
21.65024012299129,23.231705839619146,67.8420573338696,1.544877420650647,1.5712994066833907,12.953177956325122,6.9030995411480855,1.8304388603649806,2.944079551477787,21.471317557951707
23.033815451382974,15.733179671884038,31.585882772945112,2.923599065593461,2.584314106046631,16.706552903837416,2.9576750848793996,2.1850305576344775,3.3379575282321183,15.751482553898272
26.440551652109008,2.100391002589461,58.96100104774787,4.562524919243145,0.6326250470422694,6.837380482362303,5.946943798070457,1.9381336599501218,3.8913036868697555,26.611641379162595
20.307407050698135,2.0492122793638394,60.517591134663476,1.4324670857457271,0.47273231397329196,13.989635249734045,4.464717818202413,2.2289028049628925,3.0042298589941514,20.340682483330923
24.68237980381239,11.642153007098717,45.53654744960012,2.5242194566727583,1.6153325888655616,21.04653174866555,6.693541550432988,1.751533987441011,3.6188862980231535,24.63377009048352
27.921428262847286,31.69021525289393,70.6356021996743,3.9122205554154292,1.5356213912992127,10.90977052303813,0.7455451592970093,1.9087155128102293,4.638359732270941,25.998614544011232
19.17755029631632,12.404086486363951,47.7491661945121,2.420358608754285,1.6213391650592857,7.761830356904576,4.801811399517462,1.5050211037239931,3.3813096122647845,18.71429899355666
24.553901575596914,-0.031429531181061066,51.88364680207313,2.952371796249734,1.6707672385359502,8.739555557034697,3.7943586884320766,1.982496194996882,3.311652856004778,30.026834122590298
24.779648382745272,12.542569359140558,47.40392263574196,1.4376064718531203,1.3437584217556364,6.551834813288059,5.864525901268311,1.5944995681855776,1.4810891749099322,20.883157952040452
26.34546861533193,12.272764302523296,50.23368571372201,2.9283070972076484,2.5429044070214575,8.076190459361483,5.940088374736404,1.4429767749190034,0.3692698631709366,24.042426263826584
20.289147867365756,-11.968866429415716,33.55587369657197,2.312855734995451,0.3793672150664391,10.147459507049856,3.584748210355948,2.129330573927694,3.388375729230168,22.804993465110478
20.03863016074717,14.457051334821879,28.399236761085586,3.485729995679863,0.9200520826538279,4.97216490410679,3.575652271647913,2.10636988792883,2.9051757687191277,16.187755560543824
25.565824696850694,12.69065469791322,73.91757594837458,3.687386051564751,1.4277216678956668,12.078091669748016,4.778669262885341,2.3914368674742863,2.485217325085258,25.567382408291795
24.890954019699556,21.962063648134183,37.29557977522508,5.089563642018614,0.34976783219208296,16.511385868933235,3.2067155453695837,1.7844372152124506,3.2435302041863445,20.713040927878076
24.75147855103763,33.48956094945345,35.129114758155396,3.0796331732135758,1.3769019168975503,7.461219099265398,6.683967390904254,2.204026423418378,2.939596270803092,12.84368401388804
25.039344628490927,26.265650295477574,17.699148295944276,2.8257963165821662,2.6630291160096125,19.596419618208845,4.261585599105108,2.2753987861368317,4.127780250633899,15.002784274875479
21.959925835264528,12.311113094451695,40.41557378465747,2.694384301577336,1.5146205418071732,14.553960442637973,-0.8139764386432828,2.2223869039157975,3.0861108682589777,21.375030326029666
24.696761091483012,3.9347409125832975,30.153653098887524,2.1468337071893115,1.6614906340030784,17.152902928120287,4.250355886756388,1.587173158598929,2.2530767149298323,22.24331783300466
24.879217419896044,40.733598032498605,74.63022740204553,2.8384838434616912,0.6178846643791939,8.710827230739316,2.9229123583120553,2.0746817411355947,3.990166238959289,22.362000638164435
21.856945745920896,15.592184340144883,65.1472563401395,2.2045985898609706,1.0685470143723657,16.272626135333077,1.737448369078109,2.182070148027331,2.7828689250537977,28.813286103442795
29.59732353343427,15.139292919129462,39.67774482233414,2.668460976269614,1.2373625337732441,6.540330498023435,2.525146723554855,2.003589233453971,3.5265366836723073,22.373195882668202
25.42149876273536,14.758749128899968,83.78653708016463,3.81759753560796,1.277599432270636,16.451237504182544,5.21881694366594,0.9567611708144577,2.5225892938071994,28.195782362197736
20.426089508392053,16.980847607678548,64.72648230487391,1.4934574347203589,2.397150656502638,12.859196698967656,7.657281656496462,2.08024481198674,2.3501731145025637,20.54441216091873
25.96966082590149,13.556395880760576,45.12752924737066,3.6398785611290454,1.8903837425075871,14.766256099923918,5.62636894772996,3.106265519698621,3.0841682301856963,21.869305836772135
21.075954989318035,9.263379931197637,12.508914276896405,3.8171150673398655,0.7219794301440776,6.122026971875742,3.786993223568521,1.8199803656215086,3.0128286435436853,18.53694855254058
26.361253811227357,9.531410587596078,84.36413858886112,2.381931473008921,1.6725533449024035,7.5246507886169764,5.911808390341405,1.6359614510723395,3.4798270353668332,30.189975446661443
27.47578673702221,14.672467297840017,29.15641299854606,0.3781451009914054,1.8487552239477496,14.986141091266923,4.081819379562017,2.186674279855699,2.7313542466902576,16.698413907384555
21.537953044944867,9.56575228866235,25.319018795646624,1.8921780129055676,2.2981043269648866,7.258259978878996,3.610799261673711,2.156189105233286,1.1636402162296027,13.83599290585353
26.890128387732965,7.871542173228356,65.3385564801446,3.796994546561109,2.6063784805978614,14.316031460495616,2.691274663534031,2.5963675827082073,2.5672261164116112,30.79086976167451
25.238342780809496,16.06430227691897,86.59628609508908,2.477131937701118,0.789434065720492,5.164310967698771,1.4963423864965617,1.371065922045556,3.7938184671438155,29.73295098590197
26.46618047998347,12.450227825791448,70.76409227765777,1.5006977677050892,0.9323997421527633,16.24087106333334,4.22015258688111,2.3656901262874963,2.7026239207568934,26.626794460399445
29.690378947961843,30.039929885826886,58.45863680078539,1.9952250787717825,0.6196954987597687,5.837383426157455,5.316106979840264,2.295211030625732,2.753616597485452,24.446137444536355
23.26383565199139,-11.509698083930118,58.92131512497929,3.340620026504553,1.336186098625113,14.761499688397617,4.80675265997022,1.928926731529727,3.986376505905937,31.104368640467428
21.73879150692753,25.91506851922462,62.80123338170462,3.0467335682013794,1.8264508621124342,15.128154668230003,4.168066144105283,2.169343658960845,2.2880267727410772,20.216328801901966
21.33145671112343,27.46085192497629,61.38392884680148,2.2610679008303056,2.1911341616123714,8.516140907852126,3.1085078786064377,2.5147287407991787,1.4571967817571003,18.758886432959976
21.552569145103686,-5.733902324081495,54.21787135954064,2.1331755881853125,1.4468342834502341,14.910132835423635,6.216492383369937,2.436157690014225,2.8393688804745056,24.125535320534606
23.76869487175769,11.573124059196513,51.56301655927814,2.108241850956178,1.2761067337216092,13.30221131666778,2.36573616010683,1.4284903439631358,2.515826048751263,23.796012244675893
25.02345592444993,11.285591340042085,49.06110308150716,1.5775898155014976,1.6062305945741182,9.30579071903631,6.552055827686951,2.410079093377742,2.033753680246746,19.134216441099664
24.830072397990058,0.9248830528217873,38.690531166999854,4.115375689469442,0.9153999688589839,6.957226579618959,2.9955659621465505,1.9676556974837407,2.8246215441013094,27.125210473873626
26.481549747108073,7.221833124091247,45.78987384699839,2.17767953078866,2.962677105186341,2.186871541637105,3.49512952529393,2.0364370490077577,3.491505647246784,21.049725065188284
24.03900567563372,3.8942415453417123,24.605647787069216,3.7171585208254965,0.37463728101735905,13.748250236498468,2.066429618768646,2.036598495500847,2.9907114384321845,23.776518948374875
28.36060223147195,32.52270443423623,48.52490559807875,4.021316051922451,1.629318405227007,4.175986143189724,3.9971957062287267,1.92487850560087,3.306981072686238,21.282596462265982
23.20602950028613,24.35678393147461,35.17113339273624,3.4983108981479605,2.9165243534607477,12.476720997206542,6.950624916955958,2.5958537485535325,4.813407698515423,18.367087411667132
32.160507499768855,27.715550949941587,33.44616024176344,2.0683796872819515,1.5047598911919984,10.682758919588755,6.031256176887913,1.958141020075394,2.657121138442436,18.214567486362363
25.87700204329502,22.21672064043235,52.698412267302174,2.9037300903366097,1.366972675498954,15.395713877190978,6.95684422405607,1.4402269358084157,3.2783486346446695,20.872503225571272
21.42852733075115,3.709482287827708,70.880034295169,2.4758043936090837,1.249788204032701,10.489772502550679,6.044285091867872,1.8032350720151356,2.4907866374008654,26.16032218472717
20.78732250581666,9.754797337202262,63.774749090034696,1.5962981392698719,1.3737258227663145,10.352761068264543,2.7926603429392616,2.089347358405238,2.153640280113027,26.437075446824732
25.447417245729557,19.89374561227918,26.442490945652345,2.8243592817216028,2.460993932273571,15.659353521441478,4.338421551344886,2.614607392148525,2.41509234658223,14.862642395331491
23.329611644022446,2.7787219110805452,35.15557795144494,1.3209602088401975,-0.04830333793065478,13.675290145420588,3.439601741765075,2.3015473424744166,2.5212414284783113,20.239019464780235
26.142001482276275,22.12998430172388,64.11156781982324,3.6876793884615635,2.5734035909074278,13.580779785913892,7.661149808078081,1.574732360626478,3.3594757975471254,24.798532260385432
25.419712873720634,12.59674601841865,35.26268909692536,2.035382702701607,0.5032299932848985,14.346337949042631,2.606422707147377,3.2425949583394456,5.349075786700757,21.672205298038243
23.78151326202938,11.251791924504024,46.63050275004463,2.7011596558728392,1.3133433695359096,4.322139383964471,6.787395378778221,2.13238765548899,2.2839565637241597,18.840573831160192
21.459618845794786,22.109599682034915,58.25078148536828,2.783287871546142,1.1995289057909369,15.783943399934909,6.785907740217539,2.6376953689995073,2.5833746943845375,17.45144347040236
19.455458325942406,19.4426331148604,35.47483317704547,2.241095026295923,1.9119872888395038,15.062343970068012,8.659240403432175,1.9241427832113853,2.936876986888752,13.269627153161224
22.660455143798938,11.390338341809201,51.580632592189396,3.086693801475275,0.38131295368137685,6.916584357117514,4.1806268147410055,2.266679622352725,3.395798848709747,23.443653924774463
26.569196382970418,26.59329803364248,29.989617576226934,2.0250963433774753,1.8235208662573599,10.779597631628993,6.424644319160324,2.4197342522592025,3.263550811954785,15.36209047550968
24.642281232390612,4.189366724001026,40.9794853407318,3.371297297457244,2.9170167363007966,11.803463561861845,9.563303673077685,2.609097355877128,4.284095793948117,25.419859571610825
20.262783663864035,21.159356069442637,54.79672901213806,1.1540203197532515,0.5457781967850327,11.327516077991337,3.764716646132607,2.5286841526891126,0.5736079294647918,18.18528348886362
24.519542777553546,20.931012579683838,26.105093997024962,2.6263795795464118,1.632794317327277,13.669299832842674,1.9299195049352806,2.436098500036489,0.6130701298043273,14.325703621585856
25.15595213918651,11.904535606860097,56.607121069405984,4.438928999058285,1.0366124755423738,19.156833909155917,1.2399799321844727,1.8424566344029456,2.5041218279898505,27.01837930041096
21.3484276913966,18.26133022242118,49.70543301609978,1.4996686753944253,1.798121044335125,17.408833638364143,6.425424057722663,1.7141269790219693,4.097300187543709,20.287638108918
24.461175317836584,2.48886423614697,58.28734931625722,1.8222550294751485,1.5134034441910265,5.438904032842968,1.2336995838828324,2.1663037551620987,1.4343519683944037,28.404018900696947
24.174626155338,24.240270192069012,53.358712010969924,3.013907849658915,1.0509591636689832,15.110349951530242,4.255361894124154,2.4665640361705345,-0.007632339693757206,19.1613991957452
20.571089106508133,13.150978635570109,70.46210644960766,2.679581781939598,1.8415105994097518,18.64466659767705,5.874626374077922,1.8886396496116964,3.571179406219209,24.47799243913982
25.07336208104485,9.772769794809605,51.87836753971861,2.8506300992735594,2.76304367685072,13.934042603446013,5.370351073659828,2.532585982857193,3.2436572237027144,22.220397976508007
25.682353579104703,25.490092258368893,43.558916883121206,2.9891871301476636,1.366367345790891,17.454902125929834,5.850889728368345,2.7263083727430897,1.9097915932005702,15.589740987742022
27.24915372952583,7.956563094572408,51.83446254548426,3.1347214685617697,2.0038305595037276,22.061352228503825,5.444579711601708,1.54183954046329,2.01446039927907,27.38659600493297
27.16140615610471,0.9153870363644039,58.14947043554582,3.609699841956223,0.5947089294901855,17.118547730534907,7.557731626626786,1.58153964810186,2.0302562803653257,30.876976320626785
19.866991896128727,-0.5662917352390373,50.732901054885566,2.9098186569285125,0.8304945362273939,13.246542978208645,3.095367238522406,1.9298124705473318,3.11053531747394,26.88912949419996
21.18652488025463,21.060099513456397,50.608875368058236,2.2587423453814575,1.830684394516264,17.225442370423767,3.6460097230829374,2.153806334094598,2.373684723816993,18.364716139328866
25.54510580162598,2.19570647503717,39.47012468289867,3.1725737012027313,2.5388812199751754,12.724439165484457,3.454681109458352,1.7377164931164746,3.49406391897552,27.55890465082838
25.541357852736628,32.54794181984364,40.05648623673578,4.399881934895216,1.748929344149962,12.119515216424777,6.66038362372522,2.676101339433572,0.14537333709560896,13.571981248656726
25.545143058918143,-5.8192940788372205,28.960920923004597,2.3673662536174263,1.280859378633792,10.242928821431338,6.800797176790127,2.2120334307592255,2.1431481348722006,25.395610301338575
35.558194471964164,31.964563682900383,76.24365114780409,1.5254706953293584,1.4995039837963478,19.81706679416054,5.902450638637016,2.0197235241203697,1.8739460390889497,26.60251492537844
25.7126715320795,17.110174672026183,31.342051469130723,3.607080669286973,0.6247145862211978,7.907856670289993,7.366987333779855,1.2820452380657361,2.743659321627508,17.036595733234805
27.406696920541798,14.032868881296077,39.60642203306139,2.3796188360464017,1.9231607284487566,19.66183862339058,2.6439182652472386,1.3420920917862464,2.4619522415098616,23.047235063958755
26.86200529047961,9.550809131910503,39.22389101646204,0.32733045398596383,2.1176331436263864,14.499320618701857,8.334448223102275,2.140504625140903,3.7978437798957665,21.518829736573114
25.954173753917395,18.99136114352071,63.42386565416662,3.3474216771504217,1.1835367670168437,5.003469125990293,8.046477243424516,0.9337021869225819,1.1406632283399425,22.709209063301007
23.054192266078964,14.623652975751517,45.57575482561958,1.9646718140460773,1.170970496568349,13.838246464957107,6.471243994491493,2.5063187048220357,3.045491476330752,20.510810565803947
26.276907661479804,26.033018820165214,68.716131090106,2.4094667176958393,1.686114760756434,1.4998674617418803,8.56359781754212,1.9209230778138398,3.5583364232117054,21.608364667020187
21.681524356387285,16.142276486620396,39.897640636341976,2.8319803305690145,1.1942961847715832,15.127540084155179,1.6867535846444524,3.6215464847973666,4.856647436561955,26.327032989807996
23.289544179779973,16.503017614618777,54.18491243335703,2.6904996797790663,1.4537071697619244,16.426157414944953,3.9511037274746963,3.1539581253080553,2.518234028906525,25.05628009089155
22.54390935651269,11.36387787786144,37.46979420110364,3.2094518171390396,2.9698052524165606,9.038220221739731,3.5293930786360956,1.9092754653762416,3.3244586043525173,20.876856862994973
24.245622418158966,14.430543762789325,82.17723691660083,2.0645136294301567,1.3270820094778024,12.61773847977791,6.442958647514686,1.9468314987343425,1.196137207437635,26.897266241002008
30.943975700020527,18.078017688920593,32.18602371455731,3.013105798176083,1.2491618935851445,21.770787168751433,2.899718520795709,2.497790757001015,0.6080437956869762,23.182971162325956
18.398204422224758,-2.101683926566256,54.64731065340541,2.2404533224160827,1.0467207360553887,9.471266478690318,6.514990298674971,2.851586304959019,3.8447743757817,26.43549446201071
26.058780571123542,1.5181457789428698,59.50665321398148,3.238810480887503,2.0209343800499555,6.705462064716998,7.741072287993427,1.1809854712819916,2.9944397063519292,27.59700818873547
19.161852386431043,22.43264094022715,56.20698646177247,3.1153674840130536,1.373143078747328,19.408317012312992,6.390405800167999,1.1068122673226566,4.178512689798422,19.184245023917743
22.5842044026317,16.70865438127942,47.220685116834375,1.5645612979554047,1.045438873175002,21.812935952653973,5.567502047323003,1.6889825972228092,1.6265971110302508,19.06819815184394
27.2668517909021,13.160166636473209,48.05268950399861,3.5859821161750323,2.4249128225911085,12.018478359239237,3.0242533181985016,2.2913687915869323,3.5199021395287526,18.34637651952718
24.19284005728639,15.184339330653932,50.657172079686646,1.964036554885952,2.493722103159546,17.05731517704178,3.306298067749271,2.2484367952537987,4.868817840543853,23.520769416629197
20.76676566621208,18.47581705361671,47.79496997557267,3.308057798281145,1.0797035039829064,18.707379577654407,7.499237810593334,2.534885727491925,3.419705608357266,19.19994230064365
21.854088872220096,9.602403196906385,64.45818675192365,2.8672873134013406,0.19342203404756875,8.287578837308079,6.558698007810665,1.4001512358173458,3.2765815055910488,28.67176328469051
26.038793246804026,7.216952745976873,83.15784502387027,4.338183676795122,2.2052595828858452,9.573470823160658,4.921960961244912,0.8419280685155617,3.00855608082435,32.087674511761456
21.80890010484859,16.958452550976816,41.637623224882496,2.2765340176281477,1.0207591219679972,18.154372565773674,4.164180908468219,2.4290070976510725,1.4291185428740878,15.929870727915558
24.649375768745923,5.21627222384968,29.452955306313832,2.1506832038818025,2.053437919413938,20.425071393542545,0.9483842537772462,1.5859018635173827,4.355572935710348,22.575212870684666
24.13671551971144,19.08252755714472,48.67576927473118,2.4805803941122675,0.12092732760171532,14.814404300871773,2.8582951626311224,0.990756067805681,2.389142360194934,18.876902573081995
22.04519895718255,-2.0258360423784048,88.69564006481477,2.1968202171657247,2.1248181368095165,7.6009282324897285,8.822838174279447,2.072531872979691,3.504483256383017,33.076534644392616
30.431832267975977,25.291556373256437,37.944881480454036,3.29994190194205,0.6521796495034532,21.935305558497205,2.4390888579950665,2.3965878441093387,1.4369656934287465,21.71818988592697
25.901757066954033,19.725974824130432,74.58675208166102,0.8836893915634121,2.011534883346567,9.345145510940178,5.378959642442162,1.9389714339393613,1.8205403354922196,25.274835779055305
17.924572240027178,17.560297343138757,75.1655122111466,1.446317580853646,1.509991147485504,10.324311094142741,7.014887946390397,1.7710758069087553,4.435087399222235,20.839040174459033
24.559362944308283,24.82690983945514,41.69617637438008,1.432197078420807,0.8322424064223487,13.711689172448107,2.490154663995415,1.9203188839270466,2.652697711042157,17.383426142279205
22.014640605694836,31.654744444625766,58.534746187779135,3.4503075919735755,1.2150745809512538,19.77080210357387,5.3694209495621665,1.8147086187996087,4.453275476042545,17.26537624236493
26.557300004388672,25.143700650181305,74.42594934692806,4.210613372581925,1.9804229198696905,16.269879882761117,6.87583107502131,1.3259764440299164,2.921769340941482,27.031407076061566
21.622437784701898,-3.408742313316452,44.313083885187694,2.3955507814625285,1.574126117180664,14.074327501809552,5.0249986438145005,1.6426596615047842,1.1581022270421426,24.57633412407476
23.655790675599302,2.204230332642984,46.946294598464576,2.3311782768099896,1.9090890863307388,14.316442650590531,10.736806111333536,2.2606399525069074,3.8920675997317207,25.179970713011674
25.51496183694137,8.751814223043212,41.274786290770344,2.570052163113181,2.88350840916084,12.21757334321733,1.6628014822436095,2.16083927068825,2.410107682244392,22.1566767811391
26.597265582510364,15.260910502108338,34.778649039607,3.6618783026081907,0.40503087180226416,14.790697572592531,7.117457059767758,2.08402990298341,3.6986888135170437,22.670391825087854
20.39911077883267,20.17659020469123,40.26083682400989,1.572646865809426,2.6320488024780366,-0.6478003884715147,4.654396525207071,1.5024257590733103,3.025210867540082,16.809270687607672
22.996496292477154,7.742561868465344,31.64089599856615,2.738368982734785,1.573049156266249,10.516962704651007,6.54384030967335,1.9092484189321663,1.4568817720571297,17.70678078029954
22.575164066517132,16.867667644770783,50.51125202388839,3.47519762978243,0.8708511661738103,13.206609674583905,5.8826143033984915,0.9114674767785726,3.164294765370569,21.588201349396357
22.040012302278864,7.4461706764667746,38.450401534120374,3.0010941699398455,0.5687804619827072,6.244929581902465,3.533687605780007,2.089238331942695,5.1962231421528,20.75439668474119
29.29636272084329,8.884821970080518,53.50678867686121,2.689581616598743,1.3676157264560767,13.9316165890578,5.45799278491868,2.714428853906784,3.4929864585144594,26.111091603423294
25.214945132882868,0.9333890315177769,26.66156530694559,3.501046092567141,2.1451550783471216,10.977643895069392,1.2841970972034256,1.2629339339789472,2.942482246994537,22.77497544816129
20.217348136994865,5.767667538890958,54.96320348321686,-0.20323229299923717,1.4107156157357261,20.77737849157745,6.2064950011427875,1.7070361633411224,4.075343401956898,24.94186008867197
26.753585841164327,1.4831539438366637,62.50293442413387,3.1778753195309077,2.557808451173143,19.865098626074282,5.596316931981051,2.164553389355065,3.2106684652031108,29.908022916271054
30.3664685910379,5.241267470226672,20.093965361428168,1.8459243168725763,0.4841770169639088,9.670972154409185,6.277320337286205,2.626421317213742,3.2095342302627943,21.35292294748518
27.09739578165344,25.536417966078396,55.61084854771358,0.6693671031435431,1.4915377365077618,11.245811442166524,7.116236650174301,1.7758876918499253,1.9083748278408974,17.584294032557732
19.44189010213796,5.50601111168057,68.41503488709938,3.0112025995249807,0.6233245889108168,11.630262171958037,5.735239680419422,1.6538748353670518,3.2338480257895985,25.658824512880994
22.547297781401245,41.32382064837391,31.855384719631918,3.8736585451629577,1.7545423178374775,9.741702619201886,5.296178839596553,1.0155384287919584,4.035443416416944,11.029684253969878
27.800733447559868,19.933179008808892,75.08858580256555,2.362551485372308,2.1208211730681104,12.975124920140633,3.2378633266774157,2.051719064654053,2.1639378478999753,23.54654732182025
21.876991603143658,16.84836123694874,56.28528514049068,3.452874547202939,1.2054667444232627,8.208589655562049,3.575558472701898,3.021038020071872,4.424495821246948,26.15325275694463
25.331458284438686,6.416422198187865,39.424822163623865,4.112278257988645,-0.3229496996389938,6.3469233253123685,7.3734692403546624,2.138679230982338,2.908293975854874,22.829790705354803
26.32390216028801,22.003098794089915,49.16346383513441,3.8149144535840476,1.639263702757546,15.113556119501343,7.8726708114119575,1.9888605104081434,2.112230488461459,22.116821516786928
21.21920858526575,9.243621737622261,58.374903687825835,4.139964529371393,1.8057169862134566,15.147647921109055,4.523779127375892,2.1610411553834927,3.9976320769202447,23.472810628525952
23.8214239318146,16.220098146453616,51.14008087118617,3.2421274910718925,1.7830063284731883,7.978421201700038,5.092005494506548,1.994453998025699,2.7132057642617307,22.61074380853667
14.276197979792782,40.60084538268795,58.08133988669554,2.575433638901593,2.365047534275508,16.476777153812996,3.190771250012468,1.5934928138699351,3.759514887486108,12.837901970781134
20.92683707599713,14.0394010027535,36.1898961038095,0.8980341881028315,0.7502624242456658,8.842111354173344,7.34551369053489,2.4116399578388528,2.7082413677414627,16.801784835746
23.242295545820518,26.49273326285676,52.54041236054117,2.2539375118700513,1.9761512738153146,13.265826190189905,6.330833647383558,2.112880761555877,2.9401738564700963,15.77370236146243
20.25665045410545,7.968235748741126,28.794282546425297,1.6567534046838084,2.3347552587345826,16.10172006306228,8.882434872927497,2.0088066259668285,3.4935602043342917,17.003056784559362
28.897233911794906,14.650115095030383,48.33160907976949,4.670942717497814,0.2549886911954382,11.831937176481436,3.243353845640522,1.512316986360875,3.290897057590006,24.38063051653185
19.7095758661181,32.7080063563551,36.44138537802815,2.3241141875676634,1.723756278143284,14.273704560705673,4.243984201963565,2.6517539659673797,1.0044682195482615,9.99257713048253
22.67986653990905,8.730329422122326,38.9670508611535,2.6232048067844858,1.14707411829463,9.417851780562142,5.462891845051145,2.332351372666555,1.8787562599056082,22.08066693195652
24.392221731858275,33.12448557996929,68.54139762815656,3.0514853760404677,1.442934128828848,11.017667082859514,6.292979075451541,1.723539581316349,3.9294099847908157,22.419050110321965
28.323819867198345,22.077519354554752,66.36965180891403,2.5436024463724536,1.7433735384768354,10.970702845598298,4.568664724904735,2.5009124268409684,2.867863411098453,25.02301490619247
19.69241354646168,9.375332241057324,59.137071813607655,4.195051040430753,1.1589400051205134,8.267108267298806,3.254077819092599,1.7512145808073964,2.476268697228578,22.18185432435611
27.48949125646488,21.32407739055521,33.61530852991132,1.877350638265548,1.0270043445868717,11.116129184421089,6.762815057847142,1.6089982537444816,1.6414259847425257,17.799084842947085
24.03069918305876,24.725544496267297,45.25387325457797,2.6946074552372425,1.5239066922416171,4.256908505681267,6.442270725091163,1.6201484412598566,1.9202636787241516,16.058045974966404
21.055474046856148,21.218099622171962,68.19646549968775,1.7575294143019518,0.7389278427960382,9.544231264289476,3.16745179887255,1.1144657234559543,0.9782013600380526,15.57509587408059
25.386310422789812,-0.7022471989045638,52.12575370459857,1.1799774887792942,0.7399224097803703,10.575622533151646,7.7108856022109915,2.235771190209103,2.898719281298467,27.833065415639776
24.59717908672041,7.728628241751315,84.7899430997254,1.8882309090947147,1.9755612980695523,10.7191012375231,7.3403974183932075,1.084427560830825,2.401562419418953,28.933467329473814
22.199349368523617,12.524813644484952,55.89976759091558,2.4629632029515878,0.6958441753889408,10.792512770646105,5.268592994495585,1.3857780843671188,2.0334121090146846,24.483183050416113
24.209406254970055,14.255665708999537,52.880736747350475,2.0706977754827403,1.9664187506364483,11.691179000699355,5.159195724752073,0.9622059954607334,2.9318765748320468,19.264791452260223
22.84405920941472,21.20672097550678,45.363253036962476,1.807579020126144,1.8238139049977657,14.39720759043032,6.108115542231815,1.9569651536045534,3.363970630852738,11.486694319793486
24.340552035753745,16.77701000933254,52.00311357173423,1.0936825363281661,0.29193528984658235,16.372585370662613,3.276593859487484,1.924839769864064,5.093197932209945,24.112862526930265
25.98639202356314,1.6465564128989882,47.712952454291845,2.416894427371305,1.0257047433650415,8.751173865758664,5.060062958328165,1.836651893406818,1.4881165804367864,25.58248678659092
28.758050448436055,18.801978510059634,60.621630150328855,0.9952796259689978,2.3358765821331606,5.983995723054278,0.6952329107816393,1.4787111526647119,4.159381043300522,20.838516379073656
20.286553503519453,21.10585745283823,64.35053475191876,3.2600559636896027,0.8131841282022229,6.789777938784486,6.752911291005871,1.41388312328168,3.973101561015072,19.519881546289643
30.3991001239688,20.597904479310397,38.21015809238076,2.582439752934503,1.1749170163834286,9.563985394025364,1.8770135551162812,2.232184931773287,2.2209072606232994,26.562152300149688
18.143736601432494,25.807807255546216,30.031505696633328,1.0424485005350694,1.8234426252763276,10.240393410917454,8.006839656857998,1.7247240341457561,3.203235954586031,8.81932545192237
23.54464471489325,23.33922154548904,22.456919403450552,2.1907909229501366,2.048373356497817,8.150019669012714,4.3397598120671,2.1581791607680723,2.5423667506623846,13.837444845962622
25.76495161945373,19.591800792284367,57.619869903688155,1.7478435944094168,1.323922779768853,5.519416678750527,4.576666036137646,1.5573756569378887,3.1856885804187387,20.321051835424434
24.842975603205097,14.298342885413529,33.449500907391894,2.8191745104191805,1.081742863715851,9.719395862629058,3.7445321878309885,2.0905313713855413,4.50913101340455,16.4632106164905
22.13190144053822,-1.609609335159913,17.706641105712755,3.8404504460231443,2.4956589031889553,12.907133100569856,4.4239222521558474,2.651639018658032,3.605606232631313,20.315119093203915
23.375633248928175,19.296182191325858,55.82867906796446,0.6248275303542554,2.7172297646583052,14.975147329177823,7.837062690296073,2.2930829001963917,3.508608373233442,18.706374041775973
22.5209971960235,17.07687687163111,87.39499276149186,2.6150260791474174,2.1852006355472566,9.212884734458394,0.024382686929841135,1.7937930908917599,2.5696906800453574,27.030290741921952
22.231905729167366,17.715788371953735,49.9089363269016,2.3398672044333595,1.559722699795517,9.935010889282829,7.5539307721763755,2.1285994851779635,1.5159433350756648,17.885097154151634
26.548806291063073,2.232514241796906,62.577361616774624,3.171340076450466,0.9342139948513516,7.366508455763446,5.676046962203416,1.8796674127348936,2.791531789459592,29.93258207473956
25.071046457895143,4.189434595917376,51.22744037821347,2.7131966282376894,0.9186889154104043,11.842804148126119,2.585956704285569,2.003940092347364,4.206608154863915,27.25658179595053
21.921271214218038,25.531528533329038,48.51665520213286,1.748030668261181,1.8657598736860301,7.757856829045927,2.8493752139015243,1.8371944739257482,1.4728321434103524,12.727235292121314
26.698799626299753,14.60444846143345,63.786147244816526,2.180946064333382,1.7928787546220786,14.865639066206,8.352786054416406,1.9178323970573043,1.944910631823305,25.311271002337037
24.921898562629828,21.815006973726245,45.64588183717023,1.703974143196511,2.4811190150625007,3.0706675403294437,3.108986240114538,2.1060466765370878,3.1262677362340683,13.737463543494668
26.43858635651688,15.283183761304612,54.010884711078546,3.576007138598598,1.9553150647752973,10.201851637737688,2.6932989788080812,1.5033206502090246,2.0153452151527373,19.517012028230738
25.888886525770836,15.297561394957452,54.8254670929402,2.5213116486719422,0.44784378876812747,13.50553669595871,7.274629084729458,1.4920605865050107,2.2074765528847875,24.58465797233737
21.513014967233783,24.382838059759976,39.978643195354266,4.401190685753008,2.236363332406043,12.919172581612521,5.677105752571828,1.3057287230843944,2.576401418271823,17.11282838786017
22.319456879409092,9.839552717826262,64.88063524304785,2.439339186185379,0.801357560879911,25.46516831990248,3.124148846927202,1.199864447748145,1.6343825958098506,26.08555641400948
26.241880815369786,15.961207769409834,47.37560364956887,1.7915932330895372,1.231220109633354,13.749000122839538,5.433249950809238,1.3913586538897604,2.0258781537836317,17.974252509283744
25.831110796300393,10.377247112949576,38.66382260760733,0.9862856073871729,1.6751401443761862,6.9797270157899485,2.9484946327194455,2.0797312534020644,3.7034279167873088,19.435834121869718
23.937295218107554,10.655037725676845,58.047647653556055,0.6968603237440549,2.896967242848775,11.522678764554636,7.20164279684521,1.553606242254058,1.692630217769036,20.19370320640127
24.351982149926346,11.908278765313607,36.52298027313444,0.9158640569945102,3.6769429892037526,3.1187683326677416,7.122741929746267,2.2568072321155483,1.4021278655051623,12.014381860938462
27.832994687365275,17.22133771633713,50.42271736053692,2.7671266510114836,1.924706141395328,11.597001253516195,6.064012397643886,2.017356874376281,2.3699750204661054,20.828282730714033
22.22528583349251,10.212513783365226,49.86321505033695,3.0087250232299336,1.3717623668957284,7.834719714996207,5.723322122494033,1.0157478932809731,3.731955502509846,23.567590622674043
25.641292143510114,27.55756125573521,66.28843348747367,0.9188092979678666,1.8741539539363852,16.57695137780081,8.522376249734748,2.327487792110845,2.8030781920031105,23.122599926199772
23.39342204269832,6.053926977804961,57.12047349319929,3.3950383140761153,2.121358798111685,9.252298627022325,4.999372654776451,2.405399322795855,2.5354189218843817,24.57128179990866
23.34695639031834,13.131283558386409,49.624595618822845,2.0169389483165605,1.2755326621099659,11.416170421023766,2.6362517491583977,1.5030686625825733,3.0443587975156072,23.366865836991934
27.29633055596157,10.60268941725825,62.266494488004305,2.646793011985549,2.7566479491386255,8.822210792977984,5.898947825664614,2.210095771447496,1.254292567140348,21.02045746907662
26.47624904696409,29.469778843537327,70.8531132352597,4.112220628255424,1.6610495314339815,20.694256759266658,9.172094099074227,1.5717508812954004,3.4947056537750325,25.489863949716458
26.440528908001916,16.965547765115748,58.36715459527793,3.396839315865532,1.848420162363976,10.393786169410442,2.9704810136282958,2.048835188374168,3.383435031403644,23.437774580888505
27.916436421462986,25.31844539468635,50.15528929765071,2.2314693520941677,1.966146976438123,21.162785217396006,4.277074466612029,1.3677507965225173,2.590691525904279,21.235368996243338
24.063011524898275,0.14439626963028118,30.322456514747607,1.6088077745847125,1.795110627430119,16.070758810591332,5.8328920762029055,1.1034467737327116,4.005924511796417,21.45317652480898
26.045858913884892,17.670502658692588,34.02329505386941,0.34818459867069507,2.0872583503287285,14.410333636676931,4.892190301988522,1.8085914051935157,1.8725039010469613,18.690242954495808
23.069199730219633,23.89630795623437,45.421629434679986,1.78084668075758,1.0679227694171538,13.8436657365876,3.035392839245371,1.938135526862582,4.127908993253569,16.927164263283654
24.972499057465328,15.822839892754242,40.85731696761076,2.2888697611723057,1.1091887722377787,13.968986491081257,7.243715712460942,1.801160153192698,3.1544936655952514,21.20842122895708
23.609570836896946,25.654803750653514,47.19543045521831,1.5128204728488162,0.7298920369198136,2.361637103271949,9.640081444034518,1.4079847208887202,2.663447410121827,14.496491110791242
24.290987894978155,9.827115498996278,50.849748873456605,2.3687430329076955,1.8076508614341584,10.605583029246217,5.392262918047814,1.8000504689344314,2.9801263646316882,22.649316388058864
25.785471076310742,29.0934744018558,57.94539131535096,2.5768518829587683,2.04525555245848,16.225789855921608,3.1918634205279997,2.134647376290367,2.8927352341890584,20.083371785177377
21.545337950299583,37.9889812361925,48.94251832911363,2.2751440181919214,1.82044100630632,11.755514082629473,1.90207894989305,1.9775534849387315,4.220282896417717,12.74133771164852
30.277161827056382,11.371614395603409,57.297524657393026,1.8499974191765403,2.672144703343276,4.974050765982125,5.515951962442362,2.0912505152996066,1.9233208725289865,24.612154208847574
20.981947855500895,10.54497478599228,50.9671162221518,2.6686546719667277,1.4960827868196673,11.737977747112653,7.207754686632516,1.6649423997728836,2.2374807608534018,20.597342687512352
20.357434161636803,29.53384477117701,20.368001504691932,2.941940649569409,1.9681191589147589,20.520527581277456,5.950335492990764,2.58585895735808,4.03630289207248,11.769066738447375
27.474332620500203,30.795721457307124,35.90996909271868,1.409600922557154,0.73580938670248,18.234458577673596,4.995192318162292,1.4119133317226096,2.404465064816141,15.607947361206907
26.37498808188881,9.771399728467317,47.83868666417577,3.91093237974627,1.2290302082679192,11.689979953169841,3.8214566964213876,2.2437801485433595,3.9005330773315916,27.84372020288227
25.872359451156466,10.798131829041427,31.854578857383387,2.4014118677157383,1.9868764302960442,16.757246385290433,2.8156727345638206,2.590945546479981,4.699435983008709,24.082250314746553
25.88503652779284,12.182153911394927,58.998930949943066,2.5188496229448476,2.094371477520201,10.167464898159741,6.669502652649764,2.2404540463744476,2.5982049730583663,22.14263950763137
23.963259681459256,1.5554948896572292,72.96126248515546,3.2082144232565573,1.2942231366350725,3.4806420658664052,6.8275432427711715,1.898737886467585,3.6813623265753055,31.95382086989145
21.308236885542506,5.813480535158018,68.28142777545975,2.7332161312635015,1.4498805236993533,7.377670059352228,1.9085404266185337,1.7358514766685105,1.8463077186601415,23.853146488228298
24.22741367458118,4.958592332479322,46.79835693604688,3.453136633913245,0.4374883773234335,19.81444384254099,8.179677956361367,2.518043825523128,3.7547332980678094,27.64256821360672
21.968514865463664,7.322024348958715,72.36089205274928,2.787124165201824,1.2500795594353735,10.630034590853478,6.148142441788003,1.2885125373691635,3.1994239859867672,28.567334480366195
26.925359200253254,14.653151126132189,52.23001185803167,1.887562625359562,2.12326821446385,10.78308010312491,7.7991892902915865,1.5149378698101783,3.473038282160215,18.481764119868032
23.558827855493583,17.342147325365207,44.94371043322941,2.8615035252061016,1.9026435112745963,10.500809018625597,2.31574450302977,1.8012211172541392,2.354427927964605,19.854607020975543
21.523508409622465,30.50500492814077,40.7989600468859,1.3562737926793382,1.8504660049668469,21.520682947865033,2.268351689169122,2.618826878755999,1.3389165844328275,12.490962257746974
23.03584247504102,5.01645959261209,45.462954702678076,2.608559705776523,1.534841581026672,20.129794576810315,4.702061380465406,2.189883818020448,3.5032520647495047,23.154783754527745
25.238794362826873,24.843223984765835,44.17734772188157,2.4667700093555394,1.5049442110397235,23.09390116724067,6.005568853790388,1.5159771207448773,0.9365968475205455,20.144338660146936
22.308826341588077,12.860111557744911,52.55624333563232,2.2918831427274604,1.0377752023685871,11.204773947999744,8.592721645853928,1.8448461473075481,2.682649507757465,19.72883766206544
21.533338813300706,14.505362903475671,52.40860971574797,2.371462488561069,1.9891798941417744,13.478122443735476,6.4121578276302635,1.6928384279518527,3.94118186641997,19.489034031407147
24.731061634475736,21.748194921666038,50.04569030230122,0.6181509545023609,1.794681061072573,4.416787252896045,4.514637446375933,1.6451055038832325,3.1918977358730363,17.85043426084567
24.73489971332617,3.7727797843770148,56.55407254619525,1.9512750922590385,1.8444131935949595,19.384672130591373,2.9472615846682158,2.4894447792783896,4.948342644789813,30.180614740025845
22.47917047388661,18.824097461840505,67.85969412179512,2.5928449011411145,1.1317756101326937,6.161102243660325,7.4600011454383,1.3141284353682472,4.0251091525817735,22.743545981796114
22.58688508314503,16.66452208213056,64.24331203161985,2.6598563919974003,-0.007340043909870975,13.083877818813146,3.0705891484985703,2.8043904278671867,2.3461016116744235,27.06607580604024
24.69614981207291,19.924512640081492,27.726530473251447,1.4723248590740419,2.268006898227587,6.51348736183578,8.256937109544644,2.4141148450923113,3.0273133798514387,14.879760899120738
19.655746975508027,17.891686439078182,11.691182976470678,3.7657078408647005,1.164813780794117,9.05566586630652,4.431230700786982,2.545430835301849,2.952629297455564,7.860192804890015
19.777608676870337,39.55300139910894,64.01479866858911,1.6338251517854991,0.8960569651698156,7.813687844751499,8.181164145235702,1.768530243987371,1.4178232366538728,11.38137998641347
21.844667336242694,8.62260015748684,29.496819523768682,3.469457200526737,1.9854352383397955,8.96062369662091,6.357862580118557,1.9250296404604452,2.0596010835156466,16.531760412626657
23.35965854486446,9.690030449981823,46.62851897160975,2.9271943618716847,1.2255911520566092,9.304386484255108,4.726009021115083,1.283424092737644,2.4392390930201397,22.869720483293513
24.932722696794013,8.768594735752355,32.448304609109606,1.8537726901561968,2.2419554688326353,9.258656025374615,3.9612072563477465,1.7376687964665984,0.9637794971440634,12.716991925425772
28.426068650848656,9.445228808397452,22.970293436299706,4.275310892609512,1.9319041647036883,16.166669558901535,4.31818424530784,2.2468274238215753,3.047493468251643,27.11765650699924
26.572978869606057,8.626128726934823,58.12194092307182,1.30636316824352,1.9784985262403343,6.475686034687399,5.8566333847504755,2.648031530890698,2.7509281553469593,25.70418685759378
23.520184410109717,26.890165311075517,61.387327404539704,3.4191541736100017,0.5438310021596261,13.102707135069334,5.154312992435433,1.4464215915987741,1.3271060986884258,20.46423745880901
23.942951376291933,29.205042479898548,41.35234398909921,3.5005823180429783,2.34836078977048,18.089795761527792,3.8123771838625897,1.817247031507367,3.4042128652773322,19.39136851308397
20.992411906086573,9.292537062505238,11.134365617826354,1.8293797909233551,1.6828753718636993,9.43401817743302,4.668737179364736,1.9243503898837389,3.7158727446909596,18.456910132210226
23.944460592022832,6.676444268957713,41.806333276212754,3.8924653000643286,1.2415060025276579,8.410405546261991,5.1571540594383,1.3021053989037574,3.227034478864889,25.030501635783796
23.134024083239584,19.71415556386404,55.877060081038195,2.249953485401047,1.6003719271395758,10.847376874098746,0.7425318111703758,2.2956746208792,2.67593182479103,23.29319666452975
24.968155681014267,9.477769557190287,27.81632646838807,2.788693629279857,0.256635336971176,17.898626041803553,5.916336229577397,1.6380048341286955,3.591442151751855,21.318172815340258
21.518307169343032,21.32931817755511,52.750398796687335,2.7603218387712207,1.7860569680364695,12.970538154766789,3.0405575505663864,1.902304824411488,3.680220360476691,19.79002816166533
25.558039542723517,17.029230208513,49.77035226240507,2.365691258529452,0.7794399442725499,9.343928526962006,2.69333519358851,1.7740253140440612,3.307403569719688,21.518137751939005
28.598216739007732,-0.1574411499723194,58.689372494016325,3.310808273159782,0.553130799909526,14.419383255940199,1.6253113057785793,1.6053307471401628,2.175387749565239,30.03053915644189
23.67371955462943,30.475052013300616,51.7937055262123,3.293488720552213,0.43434856964747626,6.488539250817883,1.4122150042642194,1.9964775072597227,3.276600765511181,17.511861376811943
25.205135166296824,32.95877673095522,35.40396588677667,0.7514680267618192,2.2788818624929474,15.40679755221474,2.2891049937754215,1.8921952107159887,4.195480650825479,11.10503441277552
26.07043197513334,8.872113095156138,67.94857252496737,3.8043402428781525,1.0595156244150479,14.043036538508838,3.581958084739019,1.8140710588606672,2.40337094138827,29.315216601715893
22.796338584342493,11.122984400640158,47.62205640459545,0.8375080119643257,2.573609396941549,10.46095764430558,8.906518275053136,1.6357691891598285,5.097939339132431,16.82984819232861
24.67227744543125,17.85865390724905,49.590431907351025,3.5325462043416573,1.1249389758633916,7.807071007763845,3.948240648209592,2.159762335391478,2.4743690660146154,22.016557809755117
24.037777202345385,18.34456789987025,36.00098061390206,3.6267051368275833,0.30484942968493733,7.566595388582714,5.355500212536063,2.8268086342461425,3.032407013340136,19.300475448946067
24.293028295646494,21.585442726728303,43.35076623212734,1.4090335697848018,0.7184328920359386,14.674086681729552,5.800962773012658,2.0699436164195637,2.3275144039936637,18.09552593654369
21.6809706484336,35.102045387663495,36.727959289596484,2.089185712045415,2.365068134004857,18.14490251244531,5.262130372431697,2.4980591074555645,3.223270835920261,10.881085519915086
24.073530522776828,13.230527725059506,47.405809101148655,1.3942953315140643,1.3908712754443326,8.813461264856027,4.845113078548013,1.3048890374232687,1.2577783073647248,25.29812694530657
25.493994873736348,7.017027554615463,75.67562720213516,2.2850789697112646,1.1161988924565793,14.291933517757421,2.6094124728015107,2.0788807196468846,2.453958201183279,33.11222413746874
28.353430823385125,1.2068077198547282,29.421482856029655,2.1919657158142587,1.6120127580969514,1.5648649069896567,7.901855096558424,1.4513158405144666,1.9078787996514328,18.488406551914938
26.87781247825562,7.6906996005808095,25.796579031848882,3.27966053226934,1.8512479153172814,9.076911346714002,8.614393287275771,1.2615375362340493,3.135338347892291,20.15389235203671
30.45954737253467,14.66873027126203,72.06755491240412,3.8103087461196083,2.2821791711317223,11.84470533564549,1.6346826117546285,1.6303142962704817,3.9944473755089076,30.011365688289608
21.697957311335852,32.94557863517788,46.86014484272201,3.895683810789956,2.5139494609250486,7.451582915090832,2.951942818227241,2.5959496672067863,3.6460061871145513,13.661905878047607
26.616961910162033,9.823887009638286,39.963908920101254,1.937831973421698,1.24816194794764,7.31746812605202,4.440379315245988,2.4750079143348227,0.6283406391411077,17.748833466619395
24.550026017215057,17.237879516388986,65.59857031094114,2.2907781262554723,0.5717666197425733,8.661102217655568,3.070924410179617,2.1215023610271997,5.04206965292788,27.207334167746428
30.56940879965302,14.83577103927248,40.91576690394704,0.8165618077790497,1.2105743872137067,13.460963641631865,6.011931106911731,1.2336497200550345,3.295279940620868,20.525136801827497
21.575105143934547,26.88393273448084,77.39014570320404,1.6941299335038114,1.6821963546080203,11.063354907968126,3.543455595186774,1.9018596743060316,2.223500859507,23.19687891748924
21.480834473457673,40.26932425873622,60.16888807008904,3.4648516330974575,0.8253687516525724,0.8088438333751391,9.330112135613206,2.150850004450868,3.1571279189909407,16.24281355896196
22.201822063667933,9.691312270796793,42.68132887781446,4.115582823548232,0.82999435957347,1.3964992368246687,7.381097188687193,2.087768114789299,3.1761898225026926,23.993952147287857
17.62831282707058,10.10560557481778,82.35962319898255,1.265651128120078,1.7406515170849197,8.965674110714122,5.42514806126443,1.0781032082596271,2.333151283048436,22.393740821239657
22.422734934957717,25.44160877069072,40.914276154949924,1.9075357408471056,1.465943353900684,14.28843293026776,7.053972526639464,1.5548410759900642,3.1979166673420756,16.237460754217285
21.722602015338907,21.818914896263113,61.13143058013961,2.473594243041073,1.5229578967881106,-1.7375242136261733,7.211800848714618,1.9679611179256418,2.392527712379693,19.717762999193535
24.451181359428624,33.46707325736034,54.48938870609738,2.780161158819607,0.9690532657099514,9.501349119241848,3.8721050238835133,2.268145454758595,2.595638007309977,16.677605755315376
25.025267927331477,20.83928185325964,69.52611934098198,1.6903964800783537,1.3387195000559629,9.368760717412894,3.3675655109160703,0.9019360894500268,2.3137208642449156,21.415356855437125
29.628512517647657,11.407079092129404,73.42266795090279,2.9240610444640898,0.853036799012187,18.94168889104224,5.156286125939295,1.9189380122600708,1.5673287102603473,33.85075117508411
26.85127151455815,20.906548306923092,50.4800622359865,2.026160652929084,2.1231388877873507,10.074890941435681,6.7232722489958885,2.071524384939476,3.145836470215384,20.74525058100536
22.26928903301279,26.08703580582908,38.69873194480725,2.4855477291217207,2.2246745343066268,13.914944923704642,5.278120797306835,2.4248059942581066,3.585299436516338,16.789351464029775
21.304755985954927,23.20482181197364,56.89958214408675,3.0462842480036993,0.2076684964333344,12.706285700437316,1.8460070356180056,2.3464287921187186,3.5148835960763725,20.039539352110907
25.47575751451952,20.072740311072977,39.834269453718406,2.5064222698109377,0.8493423978653131,1.3471676009639975,3.3943511120983154,2.2912856594044024,3.819925252635234,16.786182477049884
20.039300378938073,25.66674689589154,80.20080871289935,2.0636141094734315,0.4524295214369447,15.841036083158686,4.852054272811244,1.600029746649033,3.324340210014868,22.181064688437438
29.49437629756306,26.692955904456728,52.04802996624106,2.3903901960741694,1.0449832459151713,13.076982527281439,4.84866879134834,1.0459989314383462,2.4672745017830966,20.66964302350495
27.538320362163862,28.821589910375273,44.52017673031837,2.411637040794665,1.4415934211467474,14.541343198372948,8.945084353579617,1.8034736214692995,3.8396638644311887,16.036903723156932
22.592473043685885,21.48709887589643,52.77020458797362,2.1299889701178722,0.4852483462110291,31.631188532181632,2.228024115202004,2.50081591260428,1.642482460158065,21.664878445065774
18.860596412727368,13.328819196831457,29.793105657054554,2.2412039373328976,0.8546981308122809,1.5794353025070578,6.011178483671749,2.6967272637622157,2.0993286174875196,10.797336245229612
28.061617122496237,16.467136864333227,35.42578942234023,4.098647170504717,0.7972298395429511,20.62348324880554,7.978226216656579,2.355274551148893,2.0357999285767554,19.57018322616698
23.656380464242147,27.06508966508357,68.00620861916639,3.060919447941239,1.6450871305792607,10.562762402998223,9.542899490845592,2.214670411400867,4.08005605913931,23.003014581077036
27.713448935920386,6.8306432901276395,40.14658581542906,2.2045196819708397,1.5485410359253753,13.436644522015047,4.191205153632078,2.1898198241929827,3.9427885141400756,26.020224119635287
19.216717023616898,18.686733088729014,34.296335259770906,3.196954404510736,0.9947837126639227,11.77243877349379,5.982858905440399,1.7219406266196098,3.487305237044995,15.149107415221069
22.201874931138683,11.066611876726393,58.049791287909294,2.16618051024399,1.6237746104975785,9.878818333009782,6.139520714397294,1.93496985322319,4.071929865211797,21.498379721235075
24.01573109915455,15.287448229348175,67.78556231994496,3.6731246375866413,1.1173239407889142,9.150835358806207,5.390963463106582,2.8345347629131656,2.120717217588012,23.647248588041933
24.140941781294227,27.784518626072988,60.784299659976,2.8696421921980937,1.3098414227717627,13.647543677865045,4.802309597521388,1.5287209971040618,3.3485951198609802,20.01504507405974
22.649803585562267,16.910990680199035,64.94071528708724,2.3926978559957712,2.671416463208976,4.414131516641604,5.871950779000092,2.807389395354926,2.8748255716168356,23.242449690438583
25.868549797042498,15.464365481561488,38.64807367145809,2.9477169258102776,2.4383227362532436,15.752895837608827,-0.06449217043937061,1.8389859227539709,3.846882103884914,23.79285112959913
20.797138711852217,1.401438590200808,28.672839998872345,0.9291238479315007,0.5902931341506817,9.91902797557373,6.364138980125262,2.6627160545475395,2.8847757674478025,17.912269966095984
23.57286154493612,22.46253566027221,72.5200047793323,1.3732325310901947,2.0808126925154222,6.3496533047982116,5.2523558073239345,1.2965924952512309,2.615057111589919,19.028455732874658
24.360886895135696,21.454841811410752,45.15980241736796,1.3060749936009446,2.0679775881441147,9.749935710020932,4.555050206443469,2.2929521005823243,3.54090851856099,18.575512438284193
25.543316502176246,36.6325472330546,46.23750475317429,2.642943094763707,0.6962156978731673,18.285746084312862,9.093724391439116,1.631614932026189,3.876169167191233,14.454744267629772
26.13484463426667,11.922217650469992,69.92291212773587,4.232514999485092,2.0731443506284024,9.323324564918885,3.6501319624188957,1.2923664040379061,2.3316548051531982,26.93237054825865
20.626073724486393,17.191503276639388,58.343450141009896,4.731300146192632,2.576552342888787,13.7922680910481,4.193848021869939,2.109267021205473,2.938924328647624,25.155347842814617
19.397657487793133,17.49383683710755,56.83831658122411,3.138051101440757,0.7142186356289103,8.345218621422633,8.983106604409468,2.5047358942979843,1.9415593663583472,20.95336802134633
27.83303046569553,30.774532797634745,82.47503517351626,3.000844474944457,0.8577480252900155,15.789609249618097,3.3358773903002867,1.577529280703252,0.5019389825070606,25.275292264483056
24.996942035938776,14.04704467613048,40.347226544297854,0.698942265847261,2.2123630267904515,15.427538693951021,3.899769434126922,1.2504920197707994,3.200459631413729,16.545019450835557
21.75454039033034,17.79021525770339,63.917601921218555,1.9573262002659781,1.6900467175779537,21.243044166482058,4.7059491531383,1.9540776178325225,3.608905356254632,23.789331449236986
28.653455926567567,21.078965097165394,50.855196873456265,1.712216248091761,1.8860333926676662,11.122180272503922,6.681468964259098,1.9562823356114094,3.2620668090867255,23.379429288277127
24.347023902878576,16.86609123156358,54.02888418294886,1.8791524017488839,1.7384124514803476,15.343274023789533,5.415605014706626,2.274159813777249,1.0504382822456328,19.724645660060283
27.53789155219148,10.535663854494718,72.92702639618798,2.3318561814152106,1.773487144649701,12.490337697694724,2.4147493056954747,2.474797285682244,2.6491505699235254,32.307680959150446
24.202555444230327,16.940899928983075,57.61753634434436,2.027909422302873,0.571469510182242,18.47935890931507,3.935662873745621,1.970292409363753,0.7816522399489187,24.80352827095061
30.18224377464596,25.73631749859772,58.07444118574449,0.5207001896242123,2.233122394635014,8.405838061956349,3.7852911335755772,2.9277516573971316,4.369701107654185,25.702684271895173
29.266022527329614,4.734847005889398,66.08761005964703,3.247910256117534,2.3187129946994416,15.725026564386406,4.845557909553909,2.112117372267646,1.913945417881914,31.035665650916723
23.253107554562778,16.32969674146876,44.52570905685672,1.4272569742601935,1.3394264791523807,11.026513519416591,5.851687317259659,1.8267867469965502,4.255403609459896,20.787530771651127
26.914712852863065,7.998791850608268,37.4118549899149,2.7392468641111494,1.4695661351302962,11.67905911445751,5.836411511775944,1.194216320448586,3.9458696436841456,25.918541143953856
25.936127848755444,26.950466289248425,34.327862089684494,4.5740826697499735,0.42822474821099465,12.458762422241865,1.4479764919031957,1.8686702398419162,2.099409647463938,19.218951409556496
28.105894672597046,-0.23186904783774764,20.504651159359973,1.5806154084135766,1.8599783292124843,13.261201982133386,7.127881975121712,1.831806527294432,1.867215048732255,19.30979234436413
21.105229618259685,9.410781527284117,80.84310694910484,-0.03028752274632973,1.9004402091999009,11.41885478439021,5.505137691993247,2.480152398140735,3.350370216386338,25.214599974759945
26.05815437999532,18.77211875064521,33.451874514174754,2.213995778119889,1.4564662881004824,13.073565915852631,7.7690640951878125,2.231241812033427,2.155675962816929,17.61725689615507
27.175273460548762,30.655240292343404,46.68119564621342,3.600959634998571,2.2870473519093517,19.890590287810923,5.888396654581344,1.4103154391836914,3.1024846421582075,16.201965347823894
18.723781540730656,14.342497389270122,45.84780050166619,4.458347454220593,1.2661459383140417,16.92724842807609,7.202645915471525,2.0861271932055185,2.5171724091930816,19.597841447007866
20.450224462002673,9.448004733068016,54.61110046713651,1.2704504055475832,1.89522414812552,16.34577296248448,5.933090622900254,2.3357655858645265,1.2188415855343666,22.620705492419763
17.882303466719698,33.8115706944059,62.23605818808945,2.9966992232365217,0.7862349629155191,9.722302369880646,7.692451512405496,2.7640156796939164,0.769531980875541,9.866021454162723
23.191779496666328,0.5198609958375595,62.90710232539618,2.0346895432199466,1.4835134943880333,7.553795858858378,6.044501272035557,2.44375198370703,3.226684248494597,30.610618755101054
26.152626767387886,-6.988059566200818,41.25383842146592,2.3940516456958645,1.3779520194680148,16.776502791188765,4.804169507114192,2.380423327155739,2.4384422536693746,30.13261276625647
28.507071156288085,19.400144500533322,47.49317429320383,5.144343347017035,1.6577155454286592,16.380233962648973,9.544869440893763,2.0300429973075818,2.4469101830858677,22.38734704048958
24.222284341259325,9.979457756473888,54.2386992573245,0.9970296716048468,1.241331149816649,19.36335337875491,6.778074244559784,2.1941560027117246,3.6958638390937852,25.150138975703776
28.885846636713875,4.787671828692869,46.2696331072468,2.7537396614945733,1.4079691830298326,8.980096870153853,6.147488842008826,2.6247524503530792,4.173442276632445,27.264876556786415
19.859695625355325,22.083564472993533,74.1101836402999,2.967693171765433,2.0782330200090544,10.852256723198265,2.447391166923328,1.3336113012601751,2.7274552786381907,24.75242131560982
18.889852681934535,17.43800713771199,57.36462427457377,3.585786324939347,1.194265033933248,3.80257918737283,2.4233847650729246,1.825280336391522,2.6594012930901387,22.291159385142244
23.833356903310143,9.359213692632716,61.02316679074726,2.5979831534708953,0.3753960294829246,10.037644469695636,5.585430964283707,1.6137156256218796,3.5001430331138836,23.348819788276945
25.152196346817924,2.1969560132910555,59.94321903001119,2.8080505395041024,2.7247087329437942,16.982852552897235,5.291042395536482,2.1895765593630623,1.6430644303004247,28.357847695327195
23.90191575571772,23.724573282801448,67.60210786227987,2.1083514325782087,2.4670178550833404,9.667523103859011,3.7717548699833676,2.615111087825394,3.223153054747697,21.66387510104324
17.79767369988037,21.50201177958661,52.7153233805556,2.769126941245107,0.595416113426067,15.202398976004119,5.28196539922412,1.701512856639463,3.551885971822154,18.64578715883885
23.732639881461633,14.00824136220617,30.547520780662303,2.1568077245025896,1.982795463671636,11.047484470010943,8.17725385608719,0.804847816265281,3.6802302084176293,15.220174735842992
20.08659149848544,33.466369960476655,55.99531927628962,3.121571889856051,1.14791766061406,13.620285141107804,6.390804949100597,1.793889627487765,1.063247297497535,18.052926153649768
26.009017646490115,4.299152336738475,40.22964659312257,2.130389663956366,1.6844410507317418,6.261543050921663,2.7179829804945235,2.4567368660087032,2.2386447301910595,25.166766947909714
25.099794738290544,-0.25525170924738916,42.07074977375365,2.8771003939021864,1.7059568903094455,12.426047248169505,4.776982345714113,2.2688149514749396,2.1217367471765334,23.519136648948038
21.180360641017934,8.080919301187556,58.7954602813264,2.470737186315022,1.3359145397785746,-2.9556798545036163,3.3900670382948785,2.214093123905288,3.099886954409213,20.512793122321618
22.45839924798992,14.544139836445021,68.57424607150453,3.626050250772168,0.9513640340895225,11.065519209190075,4.224600167182878,1.86000334906276,3.480744579767984,25.58163783851581
20.822359434333144,17.433394493226917,50.319073651040924,2.448606276411514,1.0166212633786185,3.8476337814242996,4.172768668740715,1.360484631890107,4.496710407445981,20.704994437053845
23.811962708180484,12.587639421436702,54.63249518898446,0.7269675317931186,0.8586656591631303,18.029972582734082,4.044708834791989,2.2576471608122337,2.505034519631927,23.25361340266744
26.865426961503715,18.520553965142966,75.53322416952857,3.7619215007139917,0.9177244542386888,15.887036763822556,2.4897292560532103,1.5828590949826875,2.502427501690786,31.423961017027384
21.04282186099337,2.48460575809556,53.61129769232853,1.5942676991373812,1.4529751969654514,14.333354909830405,4.74469063696362,3.092048366690228,4.149672018878747,27.107744350507595
25.512139546553534,29.437646040732595,89.02524671270592,1.8462336613511803,0.9989680076224737,19.6050311357969,3.87878472630538,2.285253604177258,3.296576938530305,28.95302094657218
22.409227144882678,14.178488216074312,58.482644684473165,1.904338705956508,1.9774364459988338,7.2554173958758135,-0.8588973800045361,1.7096758487230246,4.267651511187974,24.20686355580974
21.621381503212966,26.172958315881274,23.588558612662734,3.8744380931708173,2.541072308735149,20.736815989577792,9.105944049003327,1.694307376305686,3.2887280030098363,9.705149950034507
23.678908920136326,18.427253463777042,61.30012431656799,0.3643257860213045,1.0939627310409699,16.660957821301924,7.177539308433344,1.953527896693206,1.8428833812867291,20.117006658168822
20.89427303274188,19.56753219153784,55.71737577324167,5.637748533659994,1.667583150374764,10.81722356390527,4.247398550150008,1.880249038989125,1.6668716452221934,23.5013328436901
22.339052083958453,20.69767280232204,69.34629131124119,3.556056809066052,1.8497795772120535,17.67810073591472,5.037638099481197,2.5584168877649773,1.448487750941071,23.25900494186714
20.406366322233453,19.477085600173147,60.097720269049375,2.7232389141291597,1.830401589643492,6.468532437941829,2.6566913053648764,2.0932080848720234,3.662051834758473,21.982366950640333
29.89417539874917,21.42722759867544,47.92316024024339,2.4451059993837134,1.5531686875412611,7.877429192361633,8.391445755621731,1.6341841305457359,4.188596823087008,21.185383620801595
24.105790655915186,28.291525301324313,31.635526455659512,2.785554074857657,2.0198776928518054,8.957051383801499,8.794577389546223,2.9452203425778913,4.849362141386381,12.558867272256082
21.900823476022243,16.965211697014702,46.86465114070962,3.0211224283793383,1.83757426687646,9.355111459679923,5.313387456493049,2.0246541657601114,3.84310533232324,19.674312765133703
24.641939732202665,22.090037575885123,37.2421931868605,3.145215585950057,0.6336363043708916,6.717211786198736,7.047061288370689,2.3844198379844483,4.162838577534986,19.02654666332472
23.66301585092751,14.102643057127732,41.29214825292916,3.0556044660034485,2.108409245072491,18.115415335476627,5.350573557867848,1.6958867462776204,2.4199836673463153,18.840977333375204
23.33709120140033,29.401172154494727,58.82867606630914,2.589580681255249,2.1211035860867193,10.705727998150842,2.3265491222481387,2.1815578138722618,1.8435841832561433,17.709904100446074
25.842500100130277,8.236076979407303,75.0485675652711,2.302661579692674,0.965699727074993,13.762524841784398,4.176353262072685,2.1555549955715976,3.850079332417553,28.942182775519175
26.272523130141916,33.00940432910816,55.920072947344714,2.3487267163464884,1.5265564848133215,9.148243167931597,5.263855933543914,1.0551753539519235,3.417680752239401,20.295491971357574
22.40849655716842,14.598420493556565,32.06175406947224,2.305091719647319,1.9783302949677486,2.8969834972574144,4.090904562513112,3.0076375552303203,3.1074443743408926,16.155020149326695
22.27254527806596,0.692248978819519,56.66904002330211,3.6337700968670648,1.3534803262944468,13.35028679195711,4.562693445129928,2.6453222304612733,3.3873714806329898,31.114623840814225
23.17484490854507,16.281044149107892,67.94947229968477,3.0935567222808618,2.251084633436208,2.438725122901115,4.817200884981771,1.8014023419270062,3.323185482458206,26.801917078107206
17.094236505793248,8.189483425251192,40.85325643520927,-0.44038863466428024,3.1547107462335524,11.656829769572656,4.838243004269078,1.4488651297720723,4.2838168598535615,15.629947457357853
19.454426813404343,23.40643548988724,47.989742499906235,3.155900776529761,0.9498097771555124,5.158424805835947,5.104516980994966,2.173780806901776,4.294985584816956,15.612109866070233
28.100622802333575,8.473760206976092,50.22032292093795,2.6947361947187747,0.5332687777923577,21.936379996154038,2.878789867206798,2.0433488497071983,3.5442203523403473,24.13245366958965
28.93490314050385,10.538165667852203,38.2265253037664,2.481291243554103,1.712673016923413,16.556813610873608,3.5659677017441274,2.1778344742816147,3.845802872562928,21.470345590530428
23.252891881330864,-3.895407309455308,59.72420650765788,2.111481546911114,2.0050937535883007,12.528768956357402,2.4308314686000614,2.095788698097045,3.5140625524247757,26.543238638464086
25.7296708891673,10.476936807509233,48.18577777088328,3.6241127199860133,1.3383935383086618,18.318533388273345,6.9556310993724,2.253120494652963,2.538830267965381,27.331259768823966
24.93375046363061,-9.238793266289566,56.292986658605415,3.447526462122858,2.5172824643247242,7.768420112671321,0.788706116319351,2.7236528496959034,3.75656467491314,32.31456860930142
33.236642425365716,-0.8390282348572331,36.6876173329685,1.7271223321763909,0.5629759401937259,14.717396893350465,7.307180686633851,2.284051602564323,1.6055049311407383,28.078452144375106
27.35872473430373,22.604146561442974,43.438125495148846,2.907052287124535,1.9850430361221276,12.999052168593568,7.772698794525686,1.4751722505450293,4.053891552295883,15.452675932684194
23.6162472255577,22.858001586508323,60.83572036741657,1.5283432654587141,1.0758974254687748,13.32010040666835,4.395638826034757,2.681281426356226,1.805477060233965,18.088299297126998
21.133378678198724,19.254575617849646,44.4075027186235,1.1203818352110695,2.703564534345108,18.361767500533837,-0.20627417565459716,2.8203072817441437,3.285803286794733,20.025760296561803
19.18066103922728,5.33023856870787,75.90445776850108,1.873282775410035,2.894760747217683,15.662460513899012,4.277378876065419,3.5760283672560425,2.1548460415738413,27.157042351645007
24.61039090760167,14.522886438580201,44.005457215780964,3.3623934723827587,0.9633403885516565,13.443618314125116,4.871631677422362,1.4382529833802011,3.5533889830744267,21.999629930219204
21.73094776414709,14.963974609094317,53.37027088627829,3.453125045376087,1.115310004863994,3.725562818858519,2.978803560142173,2.1214410065751377,2.966074774072091,22.974958741521565
19.73323887120698,3.4163531080745724,63.98886247809635,3.013085420097293,2.1017115208858614,7.199768523602682,3.9695632123835143,0.9589506484055064,1.4052440418366676,27.35383833314977
22.060281347272422,30.033983017671506,28.724514006004526,3.225095786847997,1.2290085451473398,11.386455332021379,8.060390397726703,2.2765745781896047,3.4206996310184787,11.99712217149713
20.755355989156815,23.773622905756714,23.587867820288363,3.0161782871149585,1.4682121474474332,12.466861871383257,6.329854324603482,1.7258998509166137,2.422079223167289,12.000450352250091
29.061424905217695,12.79035826170336,27.11515528144858,1.8585184047770478,1.5177718943796872,6.34898137663038,3.1508717712438,2.9617228974124767,3.881146720813369,20.984197101992613
26.64491927084835,15.268858389945308,68.93876155140774,2.9319225446739408,0.15622879066164064,24.058383377892106,1.8048016608091357,1.612692514990709,3.0013256887344073,34.356457454350036
23.976082076050147,17.083828079475524,41.7221278116133,3.3004095252276824,1.490313577734034,19.581970276267864,4.345965364780458,1.1554084810163692,3.3954209853880384,16.682707158057624
28.43983241667008,-5.417348684242906,88.37298928502378,3.254291329813574,1.0171905581550784,15.010591601962417,4.5730864412991235,1.7643681296487401,2.042431044984788,39.60117428443336
24.232104922942856,12.528226174794032,41.53628602013917,3.688913371474643,1.1548140243201597,12.360184306418724,5.9923983747266325,1.0122561143914313,2.410667768572638,20.82338823758451
21.41614739601521,8.180157520022014,52.768269547955555,3.208303847201064,2.51054240242817,10.938955150494241,3.929366574864682,2.375549727253655,2.5413613638989156,24.03873648597161
28.56937223180897,4.983799901050844,73.13164928851813,2.851448207541583,0.6204451740045206,7.240407699888822,6.022999150723723,0.9674584768718397,3.856702480242556,30.616138423696626
25.616730131053977,12.18899707114045,80.09139332238684,3.5701502383164274,2.069243630723584,12.387402592594313,8.87030808012046,2.0142287905915794,4.677377087805489,30.231122680100125
20.888261537020632,32.976865268495224,80.92255364954596,2.4734787407509398,1.304725948767734,13.288762700713754,6.631002044888525,0.9610940900719016,2.1948282482571235,21.277843771044463
23.428983965749175,21.4084286126701,68.12549345889714,1.6181253487722822,1.304167882052916,5.791197122591878,4.903822985338455,1.839851097731679,4.0768481446576805,28.84297129827129
21.373145239845726,9.288210102172032,65.36093788717193,2.336933036056236,2.053260327236198,13.670882086224488,4.633699057893411,2.821689077902267,0.8303225822742979,25.376209613809735
19.85160080710699,20.725827813561587,58.88790423801775,1.755097355193551,1.7380359061982233,11.223704755876255,4.286653731640257,2.1803239457178973,1.8058105989077107,16.551994778245586
