Soil Moisture,Temperature,Humidity,Sunlight Exposure,Fertilizer Usage,COâ‚‚ Levels,pH Level of Soil,Pesticide Usage,Growth Rate
54.96714153011233,29.630887737658206,80.99033154879004,9.556722152333275,36.496434500512365,428.53064986097655,5.546096221061305,7.361281824904289,14.11764318308631
48.61735698828815,34.54708320235065,73.86950524369153,6.897628567342933,47.10962658568965,448.40923302664305,6.069807494610249,,15.10118819398509
56.47688538100692,18.007162130904295,60.89445554880261,6.363602233155386,34.15160158000077,383.43458084083386,6.2931972332891775,5.090445417999965,
,27.814846183452854,50.295948334416394,7.993251085178096,43.84076940721919,369.3881632746125,7.443843828670095,5.102395803762171,16.058814160026465
47.658466252766644,,,7.659630754950143,,345.7424736721101,6.778276562266879,3.9964316143769363,8.214068817371754
47.6586304305082,22.56437308117652,65.90228078132624,,54.265874147458774,358.7294735010522,,2.2550689042317984,12.310116848572934
65.79212815507391,22.038030378805654,,,50.02410950724448,547.4547212654363,6.743018144708818,5.645949007235337,15.75305144293964
57.67434729152909,20.68004615160092,69.52757702522955,9.910610417141022,33.658227378636184,462.23397903683934,5.726348005530817,4.877992056289233,14.16114325844265
45.30525614065048,25.242608139724133,75.74329072979003,8.176813772583694,63.1849133686481,332.44628168959895,7.0413455269435365,6.00048093887314,11.101172012220134
,20.84524941794481,51.97147182659148,10.955060162110524,68.75140275253116,333.8771021628215,6.26443767409106,3.9327993871216664,15.49381748873418
45.365823071875376,26.352284128899193,79.76091098451488,5.71662177173299,17.848802712620518,424.09330308592456,6.453181905630415,7.441642597626096,
45.34270246429743,24.748809452754315,62.96399407038599,7.612681081440564,34.745504428675716,427.36323986889835,7.1628983237710955,3.2464524375763104,11.79639162812987
52.41962271566034,23.80525976566795,,6.56635535879439,34.617153004254035,427.4441917658682,5.856418215707875,8.424080568035786,10.561473394971243
,,49.66218272865648,4.26692676585388,,387.25221032231514,,1.5047269803434768,10.147249204614855
,22.116143347158335,86.03945704747875,7.834638628314601,66.58949683863497,393.727286999855,6.208200336826998,,10.09209747615959
44.37712470759027,28.77695612912878,62.96866175193972,7.756504983233433,46.12347722454393,416.39397620796785,7.0191894255096585,5.950861365053247,13.653171770680014
39.87168879665576,27.504585938121902,,11.026899486484261,44.70970317378779,404.2946503146665,5.7403269622615785,3.4088858641182354,15.324969294164674
53.142473325952736,20.112223776007244,52.741712489185176,9.261623369109556,,289.0349813626232,5.083922200944715,5.848787875722025,11.508846798136274
40.91975924478789,25.49666152714613,55.1947903770852,5.95162635134159,62.70836060418453,388.5100184712403,6.274420570795501,7.559037339520318,13.72278265935568
35.87696298664709,28.756935616858947,66.36248919602875,11.708185132668376,,357.4296782869843,6.77587039995546,0.5663623212918711,11.24928062325727
64.65648768921554,16.652973594393142,67.8425323205325,10.442067391050706,51.198652605326565,408.7605709454256,7.100130874869414,,15.015206340340713
47.74223699513465,27.716800961899676,51.394499940921314,,55.547538759163835,549.2629501301706,6.2684193189573,0.01345835933984496,17.845323318457414
50.67528204687924,21.686881205270765,59.634681116085254,7.547031802300336,77.21317191677302,418.3740832737152,6.294286696441999,,14.167488461423636
35.75251813786544,27.852993342965796,92.13405537917795,6.081121526553041,23.82359201761776,,7.076950367127874,8.25833272980189,8.313584238951867
44.556172754748175,21.183704217287417,85.91314755151066,7.255586447857894,-10.390243116416507,446.0900750988626,5.5651291501522895,3.836435933215892,7.941766131893424
51.10922589709866,15.975589496677404,66.54485504511048,10.177497239408371,53.6769908950739,,6.3057396124084955,2.652240071182055,12.824577025362368
38.490064225776976,16.862287810584185,,11.769172611869218,86.01022363021707,421.0047245225921,6.595211944962529,4.604124542030636,14.188044515621938
53.75698018345672,25.24042473330691,61.80046990077392,11.086487056544378,74.77892705878875,430.34252966078355,,9.135812676327104,17.33685555497578
43.99361310081195,26.29861250860741,69.20276959095625,7.022301156427452,,502.8271782414771,6.245096653404559,1.3366355055879477,15.422084459644145
47.083062502067236,20.478416874477958,44.658111522023916,5.760765133421978,40.16727628735905,343.4555782337042,,2.897380176721311,12.376075386023286
43.98293387770603,28.19296229388687,56.139351938649824,8.281772493822407,66.14245193274621,423.68160384057273,5.255836323293505,7.994863366359253,17.290917005211142
68.52278184508938,16.6923996886552,34.97123889183616,4.463121268874296,30.52907600591063,353.6809435009231,6.170875793833076,8.715404687075464,
49.86502775262066,24.66960100676342,65.98834683907918,8.646335428369563,59.52715538712438,427.7756323171124,6.726754356277234,,13.987719045643065
39.422890710440996,18.944919001187717,69.70793909554112,7.7047948274026625,,,6.008852982872661,2.521894594946715,8.98692469594449
58.225449121031886,21.740819460989204,52.75220306550939,7.067926996263515,71.2041981499776,,6.5294921107947985,9.191687003618318,15.408441924945995
37.791563500289776,25.23699335658207,83.6098014493505,4.810593865466409,105.19320077822155,385.2455042881047,6.723436250401349,8.188884783498393,12.808845107065432
52.08863595004755,20.69793317358024,41.61351505496488,9.027200213139434,57.84831934357534,448.79083596723547,6.328725399571118,6.3578939755244654,17.493391430330696
30.403298761202244,23.077222278850872,38.0343767968527,6.934598320676177,39.82072748585003,445.9227221971207,6.585231885498286,3.37519530212516,13.77635392263021
36.71813951101569,30.0314640460722,63.36677727839958,5.6601663285794235,49.48851375616011,337.71413117768077,6.018633717357694,4.901941318323926,11.737914373706017
51.96861235869123,22.115540652384254,75.70647453918232,2.2554755734367014,14.618481902217638,402.74670554999244,6.396694360151977,4.679279837910339,8.436960822996825
57.38466579995411,29.17846056032571,85.25891537186803,7.9449701898987275,36.105737378218834,364.5210072625414,6.805108084794611,5.661702609231155,11.79346088573184
51.7136828118997,19.351465726711908,53.1167360569659,11.544503193339487,41.814351237737924,337.0747544662333,6.578486480484217,7.902002876262673,13.909447617173635
48.843517176117594,27.649020889576413,76.18021250146944,11.32251842909574,39.51823204130815,389.14914747878146,6.206734365218033,,12.716357557663084
46.98896304410711,32.207843103289505,59.422372957489394,7.0858074868274565,53.04709744067444,384.575860577209,6.6121082021453965,2.8452478460304835,14.796136486394838
35.214780096325725,,57.41059050088771,6.795575879276439,33.55160135235599,521.3358243172761,,7.752992900039075,12.264608054984851
42.801557916052914,21.015523722647615,73.25489906230008,8.937548512150048,72.42061334648943,421.6479912680348,,,13.510587279400303
45.393612290402125,27.8853606359027,69.78484317620129,6.003229121623417,50.00414129836394,331.11912496228814,7.0795370324779485,6.374131591717832,11.509502288244711
60.57122226218915,23.984773069785035,36.35411764523626,8.603583799638931,49.81399357722771,371.76129979145287,6.331872630659464,7.933081718557206,18.760364968996683
53.43618289568462,26.855729366856544,82.14810524588844,9.53216055676938,43.44210566974164,451.0691647714699,6.712744966620115,2.7768395009728977,13.42223045459201
32.36959844637266,21.980074066420897,80.70137031221176,10.453866447768615,53.10381367717958,504.4221386434963,7.098623461822614,4.9283488425870745,12.582807696109818
53.24083969394795,,50.61655947735706,7.799691847040094,66.5019652933527,320.70083438810207,5.814163151384767,3.93709089728157,14.545639287878767
46.149177195836835,24.221613823039604,65.93705300156114,7.592652499646068,32.65739568578199,306.00378074304774,6.145279498786227,1.8642811492690883,10.100690279914183
43.23077999694041,30.838910308299035,67.41045279424108,6.244034826486878,36.837670218494864,493.5482587685891,,5.69341995520984,14.957488898153395
,26.272104216506065,63.910106487358604,6.34623929192028,43.92547942446671,419.4807088685452,6.108123239437786,10.023113103168846,15.010517280309605
60.30999522495951,26.68801331037601,51.7454226923187,7.547042216196947,,356.58536340618167,7.367468287918404,1.3198445109884944,12.682411572134004
59.31280119116199,22.940615169387662,49.92564948092922,8.734731013632356,33.61484280557005,426.73145430612175,6.071613953086604,4.93543877790106,
41.607824767773614,22.561968879637533,59.61668893512832,9.827169252466499,40.475582529106816,268.2126130491561,6.222226610256567,6.281085870149547,11.295782773615938
46.907876241487855,22.837209060901895,77.59093528889048,6.39364209863931,67.48778361425455,,6.6021945158014885,5.246156403312362,
53.31263431403564,26.972260711891483,68.15400231891648,10.985377137919043,55.2512265800385,416.39105864215423,5.898925236961956,4.773743894968519,16.30521635066273
59.75545127122359,22.895077595898684,54.44078501870841,7.457752797914862,53.87179822735089,446.2135069768915,6.302159644121868,2.4015672731083515,15.936238954954673
45.2082576215471,,71.57548065972517,7.957265411303128,67.01795924335944,349.3052023853731,6.658726630625088,5.465573485880327,12.969378339332321
48.14341023336183,35.37700399322719,,6.505576641704353,47.25256423201207,404.28435807016797,6.333569797808744,3.4864720459681475,19.884040343242713
38.93665025993972,29.355623517158463,77.23148550558156,3.151519479454117,57.80929699857779,353.72876869702066,6.453306570550025,0.6201565900428934,9.312044255458705
38.037933759193294,23.369882339160796,,9.768090792722099,47.93556494135007,412.76918778371584,6.235333943775815,7.389184441027462,16.450441727091366
58.125258223941984,31.006069610819722,54.563385878953014,9.473687794184867,55.30724698799257,355.2326838818488,5.742764845409616,6.916771639684085,16.59396993149835
63.56240028570823,22.959623134892244,43.20495158060784,7.437344885763573,38.34482684776836,379.59495804198895,6.660796605669619,,15.231507221538772
49.27989878419666,14.80937732411073,40.57977786418641,8.133981434449744,1.22365683447142,350.20923026048854,7.377466535823621,5.458149376411405,10.289195257466952
60.03532897892024,19.95956844541298,77.41240181067779,9.0318784354082,47.314416756273914,432.55681209118285,6.509200815391719,7.148636025431123,13.589512347703968
53.61636025047634,15.646040394870722,52.98448198032163,,78.45496272199881,442.92255583283327,6.612632058623775,5.448679313556165,14.080003314119462
43.54880245394876,,65.19755822596073,6.941894645307411,68.52430804483186,388.2689715021293,6.84636137755843,6.808035109522629,
53.61395605508414,,59.29619131681224,9.588529359243655,,401.9118997480014,5.8653347517266505,4.4050355982523,16.624228463453175
65.38036566465969,,,5.491421153661501,74.72261443612436,327.5704292683228,7.3512573290648024,7.623967477147893,15.168282156554637
49.64173960890049,26.634636868820813,61.15232836590383,8.587115864333258,51.77315181922875,385.01616759966066,6.601164398211401,5.641571451865368,13.535766748174703
65.64643655814007,23.90449735595568,40.755116637171454,5.28683639075319,53.94631414811191,397.48976914791274,7.315928449544554,5.388103887211748,16.311587345285986
23.802548959102555,29.147027905917447,74.94400229170711,8.932859964867053,37.646962091313,531.0396545514988,6.133483502238005,,
58.21902504375224,13.944323454960575,52.593651252580315,7.9287170354050325,43.678542879459,344.40164871129184,7.409030961278912,5.573911708603418,11.711423217677002
50.870470682381715,26.178072790542828,36.651271520103734,4.7697363681889815,,473.20886193762186,6.887577747017391,3.3360901650110977,17.37666558573127
47.009926495341325,28.854325969434832,53.578272585511314,10.329478708914342,74.07768874337633,449.8429386732904,6.77652004292618,,16.893972411037602
50.91760776535502,17.607068771100792,82.51139685951466,,47.21107448638001,414.0318202245068,6.617012227176574,,9.79671531913241
30.124310853991073,30.718770216034645,72.7533261317024,6.379495125971238,40.99621470297177,487.9310242097567,6.375735690962776,2.86753013620155,12.549207885175502
,,54.77021798388211,8.401138394461885,50.010559177131945,418.60527363034316,7.100265829236936,9.249542806033922,15.726429549442672
53.57112571511746,22.923560430495993,54.76113443522357,10.29727469885743,62.024134978582296,419.45795978339646,6.570179934924023,7.662678123976806,16.177337575973006
64.77894044741517,28.163909330531425,55.17547423173926,5.968356362043206,21.122903677329163,397.34396734912275,5.516465148206424,8.840735004288522,16.351838190147678
,36.35346428902198,91.15121975341262,8.123359699695943,4.076380937255237,461.1784441209314,5.941406769146499,,10.830593839569417
41.91506397106812,25.909331275292477,65.7290317834733,8.857633000661146,38.98926301016833,454.8234616905442,,5.142507499821785,14.469987695267298
44.982429564154636,26.24110293150168,66.45062470786604,,25.585751481716827,368.7161356251894,6.654999491582777,2.4129847495918084,11.372513966605448
59.15402117702074,22.70319550229878,75.45425181047763,8.352883110554451,,334.0376402700616,6.471705755550052,3.608610245605872,11.643894160991662
53.287511096596845,,63.581837385397705,7.265944321833356,47.04439362365057,389.85096813021715,7.109485394896832,3.1637460331668503,12.251277989889639
44.70239796232961,29.151679082721227,56.11436781268945,6.344819558702561,40.93503181953973,359.9980717801177,5.5244490679806875,7.4791680128831235,14.394767761009074
55.13267433113356,20.719580870455665,57.05475226372533,8.172287766092749,79.04935068941491,396.8237712692322,,,15.233513768492124
50.9707754934804,,58.92598110878904,5.855721976028786,56.5348952920464,461.87190673420696,5.591010387306422,7.136758667388033,15.465805628280307
59.68644990532889,22.611712766174417,59.44166645235238,2.1572990330107853,56.00948719221657,377.1349172456605,6.8798561477420845,6.208241779177036,13.428331560642
,27.39489912873196,70.9144431545547,8.873119608315335,62.44414288086804,397.85883093442123,6.452770642778999,9.607277504209577,14.104404167730383
46.723378534022316,,60.77918828710949,9.80786968217239,27.223337644384618,402.90113674041976,6.709804986012059,2.041111553720552,13.249619550835703
46.078918468678424,30.187699721289498,70.98960115823368,3.274135128916323,,442.4215441102642,6.068058519705117,7.518466479573598,15.251448228730023
35.364850518678814,22.449918005726264,58.78925129837126,5.9805385905801245,48.484714269290805,287.6555333007697,7.139732465828875,7.292881740801455,8.762495799948473
52.96120277064576,23.650625323533145,61.17952785474136,9.238308522010396,,369.6649852617352,7.0208623320294254,,14.336203950575616
52.610552721798896,20.106181421088465,,12.114990939423397,28.56285533919689,410.5641846139736,,7.014266672946319,16.564109537572296
50.05113456642461,22.77853369961944,,8.041587415350817,18.924824679678714,460.00394782134305,6.435241376568279,5.672289926052458,12.028648726027589
47.65412866624853,26.88650246522426,65.19732713846989,,66.35779316050058,375.40487762468973,6.789928642647566,4.545047480093184,13.50784600098174
35.84629257949586,28.78494308322676,74.97015164789478,7.63420711779032,57.528190521950336,,6.146553716006325,3.3521290260560006,9.646546779077166
45.79354677234641,,16.556169327094658,10.74975283829637,31.95896891284979,430.9855722983068,6.927777829510356,3.561781097101628,16.94702883698986
46.572854834732304,29.3480296005283,91.32562057171091,6.708071641750929,32.60673837450611,368.23188055871856,7.32474044716196,9.099624191571852,10.32485401061553
41.97722730778381,31.778189294024756,57.90615557767239,6.401615986699493,72.50869568829539,340.51666704548194,,,14.544577471239446
48.387142883339905,27.067174516118506,76.62274225106275,7.034512955635935,26.21176214265344,,6.135198765096296,6.564260003062918,10.943978399656173
54.040508568145384,34.38397906279033,44.401411093117034,6.0933427834825755,82.85345906511927,390.77373211720754,6.680708658636552,3.4182012366648937,18.74988351431045
68.8618590121053,21.131054004482134,69.19160857593855,8.245340631989592,31.987585307042625,,5.853429228120676,3.4402941075567224,12.931666178801006
,18.776726483442914,44.198766552395156,,62.76783851216766,289.72169714504656,6.786195155587838,7.163969618499884,14.81927047484202
52.57550390722764,16.106398755478608,50.64346558956292,8.646158546232058,43.42763048502031,444.8533098443566,6.725301706431269,2.3008475768969356,13.84403648344694
49.25554084233833,32.480221557445915,,7.495292995747425,62.063748621646866,463.7437520639361,5.565091830233918,4.169572464189457,
30.812287847009586,28.27182828177029,57.1397639885498,7.416377462168912,39.11771995771615,432.5760995669753,5.919108078043818,,13.974205785339592
49.73486124550783,24.722076645447725,63.26149309769584,4.873618382606686,46.74414187855412,343.11571647875917,,5.2227452036801045,11.207732584286639
50.60230209941027,26.399843131599102,73.05101596033131,9.766219554294318,50.818383507914426,389.9254233026241,6.349570126429587,4.641813429967687,
74.63242112485287,19.372554763508116,,7.8443256059743955,29.956250884370547,399.6739342385271,5.895261532290597,5.791639562191846,
48.076390352188774,37.228759898084135,62.256283577153646,7.639040172818749,64.81648690840251,429.9397194780955,6.694489364676092,6.385711511635623,18.265240978329917
53.015473423336125,25.646105909876137,65.47441503699338,14.38621513568972,,433.41702443590407,6.625736804470256,6.46927509091866,16.00203979844367
49.65288230294757,25.546973973024464,96.05123377857413,8.597505816731372,,363.2913100610752,,3.0283923826643466,9.566094825291554
38.31321962380468,28.62883311949346,59.13571804449622,,30.113012507829755,404.099777820678,6.1221042499208185,4.4316898041424055,11.617200103439837
61.42822814515021,27.405046158683568,63.016485700724516,,-1.24667317590621,422.86402023076204,7.024353563208281,7.389525723753875,12.86069409635829
57.519330326867745,26.119420121395656,75.75981594011418,10.29689141839351,46.17944474799662,472.7911161073383,7.327703556544147,6.789294375147745,14.748871841748398
57.910319470430466,21.04762772277344,76.58288899436975,8.22654082107553,,435.22532699123616,6.258219258076731,2.254281097037872,15.219848107899745
40.906125452052606,27.357341785679978,77.8054545834057,5.123444043365266,65.69208575796048,439.45283436877594,6.19391654142259,5.702959800704403,12.796911858748514
64.02794310936099,34.41012248237517,69.58095333043777,9.838457869150407,49.61479240531211,404.19133139646806,6.745603832705998,1.0435495012503795,17.05327592431594
35.98148937207719,31.727100230774887,42.854926309042746,6.663711828922012,44.742183415834646,,6.320985310126507,,
,,84.50147298451644,11.74659555243509,50.449317856240924,420.4881397979749,6.430301399668383,8.795534033491954,16.004344806705653
71.90455625809979,22.443921617844076,,10.160096131429297,60.9423823035042,,,3.1042145654620272,16.96056655752951
,20.051975898707095,64.5395319785855,7.1053562086824975,26.383743693823103,470.16849850625954,5.545321956246354,3.331353909016836,11.540167042150419
44.33702270397228,,48.68586224970963,10.562032723470226,72.28643389337745,434.8951636269514,7.159151162426335,6.528059563145719,17.892756793852648
50.99651365087641,25.278624561443472,59.03792480110511,8.135711021054806,64.30762630882488,377.84779894357587,6.5363402621646705,1.9143969695807082,14.020303446389141
44.96524345883801,30.470957592354743,64.9314361545522,9.705547350244439,,376.02535163003785,6.2942534277189095,3.734489940229922,15.80235561847374
34.493365689338674,16.537676851425903,64.8203582317541,8.96946563458895,58.76951477619455,414.8287772570381,6.455382922889275,6.192882275163505,11.470793257002091
50.68562974806027,32.64775159730307,66.32881131352927,6.307286690018253,50.3923331538798,423.1592397633792,6.481214677510259,3.731428304621194,14.973899082659509
39.37696286273895,24.209960507105052,84.20566903587971,6.712900335365076,63.457224719336395,409.8646132815603,5.634399348277538,4.528060025578057,11.913933994848486
54.73592430635182,22.8655946502629,66.8030145227097,,61.83628267482756,415.56543367214425,7.247469113726618,6.488371420630069,15.448558002318777
40.80575765766197,19.93947812369916,56.33765047064027,7.330449335786918,42.91918578117952,484.997868728819,6.520662816135309,5.843092167073123,13.74832933631355
65.4993440501754,16.725716640671152,74.46130752432536,7.1927030735160065,38.52796454206198,453.57715761174427,,5.533636792590804,12.603190901998488
42.16746707663763,29.115852919809573,77.8420573338696,,52.03712590523973,409.53177956325123,6.975774885287022,4.321755441459922,11.791457774397491
46.77938483794324,25.36658983594202,41.58588277294511,8.847198131186921,80.98040302990375,447.06552903837417,5.9894187712198494,5.740122230537911,
58.135172173696695,18.55019550129473,68.96100104774787,12.12504983848629,25.217858486921983,348.373804823623,6.736735949517614,4.752534639800487,12.045877517874395
37.69135683566045,18.52460613968192,,,20.6494946849512,419.89635249734044,6.366179454550603,5.915611219851569,9.022766157884817
52.27459934604129,23.32107650354936,55.53654744960012,8.048438913345516,53.29521682473033,490.4653174866555,6.9233853876082465,4.006135949764044,
63.07142754282428,33.34510762644696,80.6356021996743,10.824441110830858,51.01775403712036,389.0977052303813,5.436386289824252,4.634862051240917,17.05725112566473
33.92516765438772,,57.7491661945121,7.84071721750857,53.466833287408164,357.61830356904574,6.450452849879365,3.0200844148959725,11.80336851831016
51.84633858532304,,61.88364680207313,8.904743592499468,54.87906395817001,367.39555557034697,6.198589672108019,4.929984779987528,12.805943682219297
52.598827942484235,,57.40392263574196,5.875212943706241,45.535954907303896,345.5183481328806,6.716131475317078,,11.443754734793623
57.8182287177731,23.636382151261646,60.23368571372201,8.856614194415297,79.79726877204165,360.7619045936148,6.735022093684101,2.7719070996760133,13.942131114167424
37.63049289121918,11.515566785292142,43.55587369657197,7.625711469990902,17.981920430469685,381.47459507049854,6.146187052588987,5.517322295710776,10.199703208345545
36.795433869157236,24.72852566741094,,9.971459991359726,33.430059504395075,,6.143913067911978,5.425479551715321,13.465878103313493
55.21941565616898,23.84532734895661,83.91757594837458,,47.93490479701905,400.78091669748017,6.444667315721335,6.565747469897145,12.600894396981847
52.96984673233186,28.48103182406709,47.29557977522508,13.179127284037229,17.13622377691665,445.11385868933235,,4.137748860849802,17.486160153374698
52.504928503458764,34.244780474726724,45.129114758155396,,,354.61219099265395,6.9209918477260635,,16.841619569730703
53.46448209496975,30.632825147738785,27.699148295944276,8.651592633164332,83.22940331456036,,6.315396399776277,6.101595144547327,
43.19975278421509,23.655556547225846,50.41557378465747,8.388768603154672,,425.53960442637975,5.046505890339179,5.889547615663189,
52.322536971610035,19.467370456291647,40.153653098887524,7.293667414378623,54.61401811437367,451.52902928120284,6.312588971689097,3.3486926343957157,15.864857329246846
52.93072473298681,37.8667990162493,84.63022740204553,8.676967686923382,24.796704696548396,367.1082723073931,5.9807280895780135,5.298726964542378,13.623092294541163
42.85648581973632,25.29609217007244,75.1472563401395,7.409197179721941,37.672771839210455,442.72626135333076,,5.728280592109323,12.413145830520959
68.65774511144757,25.06964645956473,49.67774482233414,8.336921952539228,42.49607239352126,,5.881286680888714,5.0143569338158835,16.26993632064019
,24.879374564449982,93.78653708016463,10.63519507121592,43.64569806487532,444.5123750418254,6.554704235916485,0.8270446832578306,
38.08696502797351,25.990423803839274,74.72648230487391,5.986914869440717,75.63287590007538,408.59196698967656,7.1643204141241155,5.32097924794696,11.908714903691251
56.5655360863383,24.278197940380288,55.12752924737066,10.27975712225809,61.15382121450249,427.6625609992392,6.65659223693249,9.425062078794484,17.350603893866204
40.253183297726785,22.131689965598817,22.508914276896405,10.634230134679731,27.77084086125936,341.22026971875744,6.19674830589213,4.279921462486034,14.94001368811922
57.87084603742452,22.26570529379804,94.36413858886112,7.763862946017842,54.9300955686401,,6.7279520975853515,3.543845804289358,10.214727672896377
61.58595579007404,24.836233648920008,39.15641299854606,3.756290201982811,59.9644349699357,,6.270454844890504,,17.237657449123972
41.7931768164829,22.282876144331176,35.31901879564663,6.784356025811135,72.80298077042534,352.58259978878993,6.152699815418428,5.624756420933143,14.399044715489168
59.63376129244322,21.435771086614178,75.3385564801446,10.593989093122218,81.61081373136747,423.16031460495617,5.922818665883508,7.385470330832829,15.999369163504195
54.12780926936498,25.532151138459483,96.59628609508908,7.954263875402236,29.698116163442627,331.6431096769877,5.62408559662414,,9.196922513530103
58.2206015999449,23.725113912895722,80.76409227765777,6.001395535410179,33.78284977579324,442.4087106333334,6.305038146720277,6.462760505149985,12.173478014420546
68.96792982653947,32.51996494291345,,6.990450157543565,24.848442821707675,338.37383426157453,6.579026744960066,6.180844122502927,
47.54611883997129,11.745150958034941,68.92131512497929,9.681240053009105,45.31960281786037,427.6149968839762,6.4516881649925555,,11.673077520650043
42.4626383564251,30.45753425961231,72.80123338170462,9.093467136402758,59.32716748892669,,,5.67737463584338,14.44341938034939
41.10485570374477,31.230425962488145,71.38392884680148,7.522135801660611,,365.1614090785213,6.02712696965161,7.058914963196715,13.186307719222086
41.841897150345616,14.633048837959253,64.21787135954064,7.266351176370625,48.48097952714954,429.10132835423633,6.804123095842484,,11.06707921134744
,23.286562029598258,,7.216483701912356,43.60304953490312,413.0221131666778,5.841434040026708,,
53.41151974816644,23.142795670021044,59.06110308150716,6.155179631002995,,373.0579071903631,6.888013956921737,,12.75997232504064
52.766907993300194,17.962441526410892,48.690531166999854,11.230751378938884,33.29714196739954,349.5722657961896,5.9988914905366375,4.870622789934963,13.425581121663477
58.27183249036024,21.110916562045624,55.78987384699839,7.35535906157732,,301.86871541637106,6.123782381323482,5.145748196031031,15.002336377805452
50.13001891877907,19.447120772670857,34.605647787069216,10.434317041650992,17.846779457638824,417.48250236498467,5.766607404692161,,15.44083681545244
64.53534077157317,33.761352217118116,58.52490559807875,11.042632103844902,53.69481157791449,321.75986143189726,6.249298926557182,4.69951402240348,17.28483387476508
47.35343166762044,,45.17113339273624,9.996621796295921,90.47212438459279,404.7672099720654,6.98765622923899,7.38341499421413,19.923062412255234
77.20169166589619,31.357775474970794,43.44616024176344,7.136759374563903,50.13599689119996,386.8275891958875,6.757814044221978,4.832564080301576,
56.25667347765006,28.608360320216175,62.698412267302174,8.80746018067322,46.19921929997011,433.9571387719098,6.9892110560140175,2.7609077432336626,15.629499543355385
41.42842443583717,19.354741143913856,80.880034295169,7.951608787218167,42.851091543791455,384.8977250255068,6.7610712729669675,4.212940288060542,8.937930667737751
39.29107501938888,22.37739866860113,73.7747490900347,6.192596278539744,,383.52761068264545,5.948165085734815,5.357389433620951,10.01352828265927
,,36.442490945652345,,77.45696949353061,436.59353521441477,6.334605387836222,7.4584295685941004,19.813019066136075
47.76537214674149,,45.15557795144494,5.641920417680395,,416.75290145420587,6.1099004354412685,6.206189369897667,11.680913287204728
57.14000494092092,28.56499215086194,74.11156781982324,10.375358776923127,80.6686740259265,415.80779785913893,7.16528745201952,3.298929442505912,16.405026550852593
54.73237624573545,23.798373009209325,45.26268909692536,7.070765405403214,21.5208569509971,423.4633794904263,5.901605676786844,9.970379833357782,16.593956413994952
49.271710873431275,23.125895962252013,56.63050275004463,8.402319311745678,,323.2213938396447,6.946848844694555,5.529550621955959,11.829280267581646
41.532062819315954,28.554799841017456,68.25078148536828,,41.41511159402676,437.8394339993491,6.946476935054385,7.550781475998029,
34.851527753141355,27.2213165574302,45.47483317704547,7.482190052591846,61.7710653954144,430.62343970068014,7.414810100858044,4.696571132845541,15.058302404957413
,23.1951691709046,61.580632592189396,9.17338760295055,18.03751296232505,349.1658435711751,6.295156703685251,6.066718489410899,11.32865734477322
58.56398794323472,30.79664901682124,39.989617576226934,7.050192686754951,59.24345332163885,387.7959763162899,6.856161079790081,6.67893700903681,18.221505405485285
52.14093744130204,,50.9794853407318,9.742594594914488,,398.03463561861844,7.640825918269421,,17.008136476780894
,28.07967803472132,64.79672901213806,5.308040639506503,22.73651990814379,,6.191179161533151,7.1147366107564505,9.887953374917343
,27.96550628984192,36.105093997024966,8.252759159092824,53.79412335220791,416.6929983284267,5.73247987623382,6.744394000145956,17.269901192823696
53.85317379728837,23.452267803430047,66.60712106940599,11.87785799811657,36.76035644406782,471.5683390915592,,4.369826537611782,15.656846913176842
41.16142563798867,26.63066511121059,59.70543301609978,5.999337350788851,58.517744123860716,454.08833638364143,6.8563560144306654,3.8565079160878772,14.785310301698834
51.53725105945528,18.744432118073483,68.28734931625722,6.6445100589502974,50.38295554831504,334.3890403284297,5.558424895970708,5.665215020648395,10.278643237880624
50.58208718446,29.620135096034506,63.358712010969924,9.02781569931783,37.170261819113804,431.1034995153024,6.313840473531038,,13.861181535468814
38.57029702169377,24.075489317785056,80.46210644960766,8.359163563879196,59.75744569742148,466.4466659767705,6.71865659351948,4.554558598446786,12.832188860530406
53.577873603482836,22.386384897404803,61.87836753971861,8.701260198547118,86.08696219573486,419.3404260344601,6.592587768414957,7.130343931428773,16.48733139668422
55.60784526368234,30.245046129184445,53.558916883121206,8.978374260295327,46.18192416545403,454.54902125929834,6.712722432092086,7.905233490972359,17.23654890509175
60.830512431752766,21.478281547286205,61.83446254548426,9.26944293712354,64.39515884296364,500.61352228503824,,3.1673581618531603,16.726516118944737
60.53802052034903,,68.14947043554582,10.219399683912446,24.134540842576726,451.1854773053491,7.139432906656697,3.32615859240744,12.404677751621373
36.22330632042909,17.216854132380483,60.732901054885566,8.819637313857026,30.871272463639826,412.46542978208646,6.023841809630602,4.719249882189327,10.946446508151878
40.62174960084877,28.030049756728197,60.608875368058236,,59.44812555760755,452.2544237042377,6.161502430770734,5.615225336378392,15.04765121397967
55.1503526720866,18.597853237518585,,9.345147402405463,79.6823205707193,407.24439165484455,6.113670277364588,3.9508659724658983,16.80542494682906
55.13785950912209,33.77397090992182,,11.799763869790432,57.1122669757132,401.19515216424776,6.915095905931305,7.704405357734289,17.567956313586322
55.150476863060476,,38.96092092300459,7.7347325072348525,43.73883938953691,382.4292882143134,6.950199294197532,,13.37426146469646
88.52731490654722,33.48228184145019,86.24365114780409,6.050941390658717,49.98582810846708,478.1706679416054,6.725612659659254,5.078894096481479,17.384866024980425
55.70890510693167,26.05508733601309,41.34205146913072,10.214161338573945,24.99184532060565,359.07856670289993,7.091746833444964,2.128180952262945,14.681889171960744
61.35565640180599,24.516434440648037,49.60642203306139,,62.09030652710734,476.61838623390577,,2.3683683671449858,18.055187851978918
59.54001763493203,22.275404565955252,49.22389101646204,3.6546609079719277,67.64666124646818,424.9932061870186,7.333612055775569,5.562018500563613,15.753606745609867
,26.995680571760353,,9.694843354300843,40.958193343338394,330.03469125990296,,0.7348087476903276,10.77820013240738
46.84730755359654,24.81182648787576,55.57575482561958,6.9293436280921545,40.59915704480997,418.3824646495711,6.867810998622874,,13.857298524815167
57.589692204932675,30.516509410082605,,7.818933435391679,,,7.39089945438553,4.683692311255359,12.054277461655742
42.27174785462428,25.571138243310198,,8.663960661138029,41.265605279188094,431.2754008415518,5.671688396161113,11.486185939189467,16.880712963741487
47.63181393259991,25.75150880730939,64.18491243335703,8.380999359558134,48.67734770748355,444.26157414944953,6.237775931868674,9.615832501232221,14.930202886258922
45.14636452170897,23.18193893893072,47.46979420110364,9.41890363427808,91.99443578333032,370.3822022173973,,4.637101861504966,16.796847097141804
50.81874139386323,24.715271881394663,92.17723691660083,7.129027258860313,45.059485985080066,406.1773847977791,6.860739661878672,4.78732599493737,9.468866369146069
73.14658566673509,26.539008844460295,42.18602371455731,,42.83319695957556,497.7078716875143,5.974929630198927,6.99116302800406,19.72321211028898
,16.449158036716874,,7.4809066448321655,37.049163887296814,374.7126647869032,6.8787475746687425,8.406345219836076,9.372466755503726
56.86260190374514,18.259072889471433,69.50665321398148,9.477620961775006,64.88383942999873,347.05462064717,7.185268071998356,1.7239418851279664,
33.87284128810349,28.716320470113576,66.20698646177247,9.230734968026107,46.37551653563794,,6.847601450041999,,14.387689823115421
45.280681342105666,25.854327190639708,57.220685116834375,6.129122595910809,37.01253923357148,498.12935952653976,6.641875511830751,3.755930388891237,13.996769830126556
60.889505969673664,24.080083318236603,58.05268950399861,10.171964232350064,76.42608064546025,400.18478359239236,6.006063329549625,6.165475166347729,17.849754205665043
50.64280019095463,25.092169665326967,60.657172079686646,6.928073109771904,78.39206009027274,450.5731517704178,6.076574516937318,5.993747181015194,17.521981096950544
,26.737908526808354,57.79496997557267,9.61611559656229,,467.07379577654405,7.124809452648333,,14.977629327487199
42.84696290740032,22.301201598453193,74.45818675192365,8.734574626802681,12.669200972787678,362.8757883730808,6.889674501952666,2.6006049432693836,
,21.108476372988438,93.15784502387027,11.676367353590244,70.15027379673845,375.7347082316066,6.480490240311228,0.3677122740622467,11.911430729354253
42.69633368282864,25.979226275488408,51.637623224882496,7.553068035256295,36.30740348479992,461.54372565773673,6.2910452271170545,6.716028390604291,14.35452089580286
52.16458589581975,20.10813611192484,39.45295530631383,7.301366407763605,65.81251198325538,484.25071393542544,5.487096063444311,3.343607454069531,18.72743926307589
50.45571839903814,27.041263778572358,58.67576927473118,7.961160788224535,10.597923645763288,428.14404300871774,5.964573790657781,0.9630242712227242,12.875959658965897
43.483996523941826,16.4870819788108,98.69564006481477,7.3936404343314495,67.85194676598618,356.0092823248973,7.455709543569862,5.2901274919187635,7.56052676237001
71.43944089325325,30.14577818662822,47.944881480454036,,25.776561414384375,499.353055584972,5.859772214498767,6.586351376437355,19.481697779298177
56.33919022318011,27.362987412065216,84.58675208166102,4.767378783126825,64.61528238133049,373.45145510940176,6.59473991061054,4.755885735757445,11.366336938774143
29.74857413342393,26.28014867156938,85.1655122111466,5.892635161707291,50.28546135672868,383.2431109414274,7.003721986597599,4.084303227635021,9.285374790794599
51.86454314769428,29.91345491972757,51.69617637438008,5.864394156841614,30.921211612067104,417.1168917244811,5.872538665998854,,
,33.32737222231288,68.53474618777913,9.900615183947151,41.85927374146439,477.70802103573874,6.592355237390541,4.258834475198435,
58.52433334796224,30.07185032509065,84.42594934692806,11.42122674516385,63.726369139134015,442.6987988276112,6.9689577687553275,2.3039057761196657,15.597667285884674
,15.795628843341774,54.313083885187694,7.791101562925057,52.117889062304684,420.7432750180955,6.506249660953626,3.5706386460191366,11.47637721171772
48.85263558533101,18.602115166321493,56.946294598464576,7.662356553619979,61.68825960944969,423.16442650590534,7.934201527833384,6.042559810027629,13.84065462557946
55.049872789804574,21.875907111521606,51.274786290770344,8.140104326226362,,,5.665700370560902,5.643357082753,17.15121598735166
58.657551941701215,25.13045525105417,44.778649039607,10.323756605216381,18.715167765778972,427.9069757259253,7.02936426494194,5.336119611933641,16.373280460273545
37.997035929442234,27.588295102345615,50.26083682400989,6.145293731618851,,,6.413599131301768,,12.829295719520816
46.654987641590516,21.371280934232672,41.64089599856615,8.476737965469571,52.087118750464256,385.1696270465101,6.885960077418337,,13.875595434135517
45.25054688839044,25.93383382238539,60.51125202388839,9.950395259564859,32.02431903353744,412.06609674583905,6.720653575849623,0.6458699071142906,13.274760300862297
43.46670767426288,21.22308533823339,48.450401534120374,9.002188339879691,23.393727485220204,342.44929581902466,,5.356953327770779,13.032672427397316
67.65454240281096,21.942410985040258,63.50678867686121,8.379163233197486,46.21759218445933,,6.61449819622967,7.857715415627135,15.739225139301908
,17.96669451575889,36.66156530694559,,68.4330022384892,389.77643895069394,5.571049274300856,2.0517357359157886,16.94086068983522
,20.38383376944548,64.96320348321686,2.5935354140015257,47.449017592449316,487.7737849157745,6.801623750285697,3.8281446533644896,11.745223944542827
59.17861947054776,18.24157697191833,72.50293442413387,,80.22309860494695,478.6509862607428,6.649079232995263,5.658213557420259,16.053399718051754
71.22156197012633,20.120633735113337,,6.691848633745153,20.97648619896882,,6.819330084321551,7.505685268854967,16.17313033870243
,30.268208983039198,65.61084854771359,4.338734206287086,49.75822104307891,,7.029059162543575,4.103550767399701,13.513728714249638
34.80630034045987,20.253005555840286,78.41503488709938,9.022405199049961,24.952131111737618,396.3026217195804,6.6838099201048555,,8.706677193186774
45.15765927133749,38.161910324186955,,,57.272637652499355,377.41702619201885,6.574044709899138,1.0621537151678337,18.935691778346754
62.669111491866225,27.466589504404446,85.08858580256555,7.725102970744616,67.737747801946,409.7512492014063,6.059465831669354,5.206876258616213,14.223737369136698
42.92330534381219,25.92418061847437,66.28528514049067,9.905749094405877,41.584764126378936,362.0858965556205,6.143889618175475,9.084152080287488,13.690037319344631
54.43819428146229,20.708211099093933,,11.22455651597729,-2.084277132542681,343.46923325312366,7.093367310088666,5.554716923929352,11.738452220107195
57.74634053429337,28.501549397044958,59.16346383513441,10.629828907168095,53.97896293592989,431.13556119501345,7.218167702852989,4.9554420416325735,16.511781189139572
40.730695284219166,22.12181086881113,68.37490368782584,,58.73477103467019,431.4764792110905,6.380944781843973,5.644164621533971,14.48294829667125
49.404746439382,25.610049073226808,61.14008087118617,9.484254982143785,58.08589509923395,359.7842120170004,,,13.986615655937612
17.58732659930927,37.800422691343975,68.08133988669553,8.150867277803185,74.71564383644308,444.76777153813,6.047692812503117,3.3739712554797405,15.280389178495351
39.756123586657104,,46.1898961038095,4.796068376205663,,368.4211135417334,7.0863784226337225,6.646559831355411,11.472339408296838
47.4743184860684,30.74636663142838,,7.507875023740103,63.60432210900899,412.65826190189904,,5.4515230462235085,15.427292816383314
37.52216818035151,21.48411787437056,,6.313506809367617,73.8501502495595,441.0172006306228,,5.035226503867315,15.591514099605392
66.32411303931636,24.82505754751519,58.33160907976949,12.341885434995628,14.428248319869667,398.3193717648144,6.060838461410131,3.0492679454435,15.574583479880474
35.69858622039367,33.85400317817755,46.44138537802815,7.648228375135327,56.393036518379546,422.7370456070567,6.310996050490892,7.607015863869519,
,21.865164711061162,48.9670508611535,8.246409613568972,39.91640337984657,374.1785178056214,6.615722961262787,6.32940549066622,12.75405397696338
51.30740577286091,34.062242789984644,,9.102970752080935,,390.17667082859515,6.823244768862885,3.894158325265396,14.484449782052407
64.41273289066116,28.538759677277376,,8.087204892744907,56.95352967076673,389.707028455983,6.392166181226184,7.003649707363874,15.018252149784182
35.6413784882056,22.18766612052866,69.13707181360766,11.390102080861507,40.255428717728954,362.67108267298806,,4.004858323229586,10.87804805872086
61.63163752154959,28.162038695277605,43.61530852991132,6.754701276531096,36.48583841676776,391.1612918442109,,3.4359930149779263,15.301929190539443
50.10233061019587,29.86277224813365,55.25387325457797,8.389214910474486,50.68304834976049,322.5690850568127,6.860567681272791,3.480593765039426,13.337606152184769
40.18491348952049,28.10904981108598,78.19646549968775,6.5150588286039035,28.255081222743947,375.44231264289476,6.041862949718137,1.4578628938238176,8.810728218319076
54.62103474263271,17.148876400547717,62.12575370459857,5.359954977558589,28.283497422296293,385.7562253315165,7.177721400552748,,10.37139667138218
,21.364314120875658,94.7899430997254,6.776461818189429,63.58746565913007,387.19101237523097,,1.3377102433232997,9.24106284243667
43.99783122841205,23.762406822242475,65.89976759091557,7.9259264059031755,27.02411929682688,387.92512770646107,6.567148248623896,2.5431123374684748,10.537217332881902
50.69802084990019,24.62783285449977,62.880736747350475,,63.32625001818424,396.91179000699356,6.5397989311880185,0.8488239818429335,13.73518316749996
46.1468640313824,28.103360487753392,55.363253036962476,,59.25182585707903,,,4.8278606144182135,15.401870354097584
51.13517345251248,25.888505004666268,62.00311357173423,5.187365072656332,15.483865424188068,443.72585370662614,6.069148464871871,4.699359079456256,13.777787497764571
56.62130674521047,18.323278206449494,57.712952454291845,7.83378885474261,36.4487069532869,367.51173865758665,6.515015739582041,4.346607573627272,11.49950902541072
65.86016816145352,26.900989255029817,70.62163015032885,4.990559251937995,73.88218806094744,339.8399572305428,5.42380822769541,2.9148446106588475,15.051398844226497
37.62184501173151,28.052928726419115,74.35053475191876,9.520111927379205,30.376689377206368,,6.938227822751468,2.65553249312672,
71.33033374656267,27.7989522396552,48.21015809238076,8.164879505869006,40.711914753812245,375.63985394025366,5.71925338877907,5.928739727093149,17.21336559023705
30.479122004774982,30.403903627773108,40.03150569663333,,59.24121786503793,382.40393410917454,7.2517099142145,3.8988961365830246,14.126803665969284
48.482149049644164,29.16961077274452,32.456919403450556,7.381581845900273,65.66781018565192,361.50019669012715,6.334939953016775,5.632716643072289,17.33129917915352
55.883172064845766,27.295900396142184,67.61986990368815,6.495687188818834,44.969222279110085,,6.394166509034411,3.229502627751555,12.405272200162775
52.809918677350325,24.649171442706766,,8.63834902083836,38.049796106167165,377.19395862629057,6.186133046957747,5.3621254855421645,16.101461281400493
43.77300480179406,16.69519533242004,27.706641105712755,10.680900892046289,78.44739723397015,,6.355980563038962,7.6065560746321275,18.139210627777892
,27.148091095662927,65.82867906796446,4.249655060708511,84.77799327595159,429.7514732917782,7.209265672574018,6.172331600785567,
45.06999065341167,26.038438435815557,97.39499276149186,8.230052158294834,69.57716101563591,372.12884734458396,5.25609567173246,,10.93995286203017
44.106352430557884,26.357894185976868,59.9089363269016,7.679734408866719,,379.3501088928283,7.138482693044094,5.514397940711855,12.407731205729583
,18.616257120898453,72.57736161677462,9.34268015290093,33.834685567181474,353.6650845576345,6.669011740550854,4.518669650939574,
53.57015485965047,19.594717297958688,61.22744037821347,8.426393256475379,33.39111186886869,398.4280414812612,5.896489176071392,5.015760369389456,
,30.26576426666452,58.51665520213286,6.496061336522362,60.450282105315154,357.57856829045926,5.962343803475381,4.348777895702993,13.321603569428397
58.995998754332504,24.802224230716725,73.78614724481653,7.361892128666764,58.36796441777368,,7.338196513604101,4.671329588229217,13.452013687757377
53.072995208766095,28.40750348686312,55.64588183717023,6.407948286393022,78.03197185892859,310.7066754032944,6.027246560028634,5.42418670614835,15.05425788017999
58.1286211883896,25.141591880652307,64.01088471107855,10.152014277197196,63.00900185072278,382.0185163773769,5.92332474470202,3.0132826008360984,15.123855222413372
56.29628841923612,25.148780697478728,64.8254670929402,8.042623297343884,19.93839396480364,415.0553669595871,7.0686572711823645,2.9682423460200433,12.253886174213642
41.710049890779274,29.691419029879988,49.978643195354266,11.802381371506016,71.03895235445837,409.1917258161252,6.6692764381429575,2.222914892337578,17.063775000313914
44.39818959803031,22.41977635891313,,7.878678372370758,,534.6516831990248,6.0310372117318005,1.7994577909925802,12.475905726796466
57.472936051232615,25.480603884704916,57.37560364956887,,42.32057456095297,417.4900012283954,6.608312487702309,2.5654346155590413,14.011965004173202
56.10370265433465,22.688623556474788,48.66382260760733,,55.00400412503389,349.7972701578995,5.987123658179861,5.318925013608259,14.409674320474226
49.79098406035852,22.82751886283842,68.04764765355606,4.393720647488109,89.9133497956793,395.2267876455463,7.0504106992113025,3.214424969016232,
51.17327383308782,23.454139382656802,46.52298027313444,4.831728113989021,112.19837112010723,311.1876833266774,7.030685482436567,6.0272289284621925,14.72749197364283
62.77664895788425,26.110668858168566,60.42271736053692,8.534253302022966,62.134461182723655,395.97001253516197,6.7660030994109714,5.0694274975051234,15.852854942092836
44.0842861116417,22.606256891682612,59.86321505033695,9.017450046459867,46.33606762559224,,6.680830530623508,1.0629915731238926,12.264202465939368
55.470973811700375,31.278780627867604,76.28843348747367,4.837618595935734,60.69011296961101,445.7695137780081,7.380594062433687,6.30995116844338,14.417428842446672
47.97807347566106,,67.12047349319928,9.790076628152232,67.75310851747672,372.52298627022327,,6.62159729118342,13.146238443964123
47.8231879677278,,59.624595618822845,7.033877896633121,43.586647488856165,394.16170421023764,5.909062937289599,3.0122746503302933,13.174592813512668
60.9877685198719,22.801344708629124,72.26649448800431,8.293586023971098,85.90422711824644,368.22210792977984,6.724736956416153,5.840383085789983,13.928941780552927
58.2541634898803,32.23488942176866,80.8531132352597,11.224441256510849,54.60141518382804,486.9425675926666,7.543023524768557,,16.827878814835184
58.135096360006386,,68.36715459527794,9.793678631731064,59.95486178182789,,5.992620253407074,5.195340753496671,15.502894329825175
63.05478807154329,30.159222697343175,60.15528929765071,7.4629387041883355,63.318485041089225,491.6278521739601,6.319268616653007,2.4710031860900687,18.4419690968827
50.21003841632759,17.57219813481514,40.32245651474761,6.217615549169425,58.43173221228911,440.7075881059133,6.708223019050727,1.4137870949308464,15.394450310470505
56.81952971294964,26.335251329346296,,3.69636919734139,66.77881000939225,,6.47304757549713,4.234365620774063,16.099756443637016
46.89733243406544,29.448153978117183,55.421629434679986,6.56169336151516,37.65493626906154,,6.008848209811343,4.752542107450328,15.291973667253274
53.24166352488442,25.41141994637712,,7.577739522344611,38.833964921079385,419.68986491081256,7.060928928115235,4.204640612770792,14.896782475993481
48.698569456323156,30.327401875326757,57.19543045521831,6.025640945697632,27.9969153405661,303.6163710327195,7.6600203610086295,2.631938883554881,10.760567159479907
,,60.849748873456605,7.737486065815391,58.79002461240453,386.0558302924622,6.598065729511954,4.200201875737726,13.587646788894412
55.95157025436914,32.0467372009279,67.94539131535096,8.153703765917536,65.57873007024229,,,5.538589505161468,17.256414578603774
,36.49449061809625,58.94251832911363,,59.155457323037716,,5.725519737473262,4.910213939754926,
70.9238727568546,23.185807197801704,67.29752465739303,6.6999948383530805,83.48984866695075,329.7405076598212,6.62898799061059,5.365002061198426,14.462763934635424
39.93982618500298,22.77248739299614,60.9671162221518,8.337309343933455,49.88807962341907,397.37977747112654,7.051938671658129,3.6597695990915344,11.853708813164657
,32.2669223855885,30.368001504691932,8.883881299138817,63.37483311185025,485.2052758127746,6.737583873247691,7.34343582943232,20.624110367806047
61.581108735000676,32.89786072865356,45.90996909271868,,28.165982477213714,462.344585776736,6.498798079540573,2.6476533268904388,17.26523632821544
57.91662693962936,22.385699864233658,,,42.25800595051198,396.8997995316984,6.2053641741053465,5.975120594173437,
56.24119817052155,22.899065914520712,41.85457885738339,7.802823735431477,63.91075515131555,447.5724638529043,,7.3637821859199235,19.115446387747138
56.2834550926428,23.591076955697464,68.99893094994307,8.037699245889696,66.98204221486287,381.6746489815974,6.917375663162441,5.961816185497791,13.777168943049205
49.87753227153085,18.277747444828613,82.96126248515546,,44.12066104671636,,6.956885810692793,,8.99599999959458
41.02745628514168,20.40674026757901,78.28142777545975,8.466432262527004,48.56801496283866,353.77670059352226,5.727135106654633,3.943405906674042,9.353742239924635
50.75804558193726,19.97929616623966,56.79835693604688,9.90627326782649,19.64252506638381,478.1444384254099,7.294919489090342,7.072175302092512,14.34584953471029
,21.161012174479357,82.36089205274928,8.574248330403648,,386.3003459085348,6.787035610447001,2.154050149476654,9.681802937311563
59.75119733417751,24.826575563066093,,6.775125250719125,67.80766327039572,,7.199797322572897,3.059751479240713,14.83956604730604
48.52942618497861,26.171073662682602,54.94371043322941,8.723007050412203,61.50410032213132,385.00809018625597,5.828936125757442,4.204884469016557,15.168289590672021
41.745028032074885,32.75250246407038,50.7989600468859,5.712547585358676,60.013314427624195,495.2068294786503,5.817087922292281,7.475307515023996,17.27211896046747
46.78614158347007,20.008229796306047,55.462954702678076,8.217119411553046,50.9954737436192,481.29794576810315,6.425515345116351,5.759535272081792,15.3896549603741
54.12931454275624,29.921611992382918,54.17734772188157,,,510.9390116724067,6.751392213447597,3.0639084829795094,16.984417643588113
44.36275447196025,23.930055778872454,62.55624333563232,7.583766285454921,36.793577210531055,392.04773947999746,7.398180411463482,,11.502598812240274
41.77779604433569,24.752681451737836,62.40860971574797,7.742924977122138,63.976568404050695,414.78122443735475,6.853039456907566,3.771353711807411,14.125991901229554
52.436872114919126,28.37409746083302,60.04569030230122,4.236301909004721,58.4194588877878,324.16787252896046,6.378659361593983,3.58042201553293,12.853820029791232
,19.386389892188507,66.55407254619524,6.902550184518077,59.84037695985599,473.8467213059137,5.986815396167054,,
44.9305682462887,26.912048730920255,77.85969412179512,8.18568980228223,39.47930314664839,341.61102243660326,7.115000286359575,2.2565137414729888,10.532095512640963
45.289616943816775,25.83226104106528,74.24331203161985,,6.9331416025751125,410.83877818813147,6.0176472871246425,8.217561711468747,10.816412511944339
52.32049937357636,27.462256320040744,37.726530473251444,,71.94305423507392,345.1348736183578,7.314234277386161,6.656459380369245,16.257278742875478
35.51915658502676,26.44584321953909,21.691182976470678,,40.42325087983192,370.5566586630652,6.357807675196745,7.181723341207396,16.7792695717853
35.92536225623445,37.276500699554475,74.01479866858911,6.267650303570998,32.74448471913759,358.13687844751496,7.295291036308925,4.074120975949484,
42.81555778747564,21.81130007874342,39.49681952376868,9.938914401053474,63.86957823827987,369.6062369662091,6.839465645029639,4.700118561841781,14.841491389100778
47.86552848288153,,56.62851897160975,8.85438872374337,42.15974720161741,373.04386484255105,6.431502255278771,,12.535123326146003
53.10907565598005,21.88429736787618,42.448304609109606,6.707545380312394,71.19872768093244,372.58656025374614,6.240301814086937,3.9506751858663938,14.723674141592749
64.75356216949552,,,11.550621785219024,62.34011899153395,441.6666955890154,6.32954606132696,5.987309695286302,20.496080824073015
58.576596232020194,21.81306436346741,68.12194092307182,5.6127263364870394,63.67138646400955,344.75686034687396,6.714158346187618,7.592126123562792,12.44820035160834
48.40061470036573,30.94508265553776,71.3873274045397,9.838308347220003,22.680885775989314,411.02707135069335,6.538578248108858,2.7856863663950966,
49.80983792097311,32.102521239949276,51.35234398909921,10.001164636085957,74.23887970772802,460.8979576152779,6.203094295965648,4.268988126029468,19.72396426695378
39.97470635362191,22.14626853125262,21.134365617826354,6.65875958184671,55.22501062467712,374.3401817743302,6.417184294841184,4.697401559534955,16.17805420198294
49.8148686400761,20.838222134478855,51.806333276212754,10.784930600128657,42.61445721507594,364.1040554626199,6.5392885148595745,2.2084215956150297,13.681496254891059
47.11341361079862,,65.8770600810382,7.499906970802094,52.86776934684502,388.47376874098745,5.435632952792594,6.1826984835168,13.996306127115972
53.227185603380896,22.238884778595143,37.81632646838807,8.577387258559714,14.475295342033604,458.9862604180355,6.729084057394349,3.552019336514782,15.751950003078848
41.727690564476774,,62.750398796687335,8.520643677542441,58.173056229613415,409.7053815476679,6.010139387641597,4.609219297645952,14.985576956413361
55.193465142411725,,59.77035226240507,7.731382517058904,29.412569836358568,373.4392852696201,,4.096101256176245,13.60570827245887
65.32738913002578,17.42127942501384,68.68937249401633,9.621616546319565,22.94659428312931,424.193832559402,5.656327826444645,3.421322988560651,12.76741113826045
48.91239851543143,32.737526006650306,61.7937055262123,,19.55281627564218,344.8853925081788,5.603053751066055,4.985910029038891,13.846180906655439
54.01711722098941,33.97938836547761,45.40396588677667,4.502936053523639,72.2537674997985,434.0679755221474,5.822276248443855,4.568780842863955,19.445601793483966
56.90143991711113,21.93605654757807,77.94857252496737,10.608680485756306,37.41473212614423,420.4303653850884,6.1454895211847544,4.256284235442669,12.799015242111887
,23.061492200320078,57.62205640459545,4.675016023928651,80.67455419832999,384.6095764430558,7.476629568763284,3.5430767566393144,
52.24092481810417,26.429326953624525,59.590431907351025,10.065092408683315,39.28397073895404,358.07071007763847,6.237060162052398,5.639049341565911,13.878614529043386
50.12592400781795,26.672283949935125,46.00098061390206,,15.852840848141064,355.66595388582715,6.588875053134016,,14.28142476540028
50.97676098548832,28.29272136336415,,5.818067139569603,,426.7408668172955,6.700240693253164,5.279774465678255,
42.26990216144534,35.05102269383175,46.727959289596484,7.17837142409083,74.71623240013878,461.4490251244531,6.565532593107925,6.992236429822258,19.210795140062878
50.245101742589426,,57.405809101148655,5.7885906630281285,46.88203644126665,368.1346126485603,6.4612782696370035,2.2195561496930747,11.67055894442617
54.979982912454496,21.00851377730773,85.67562720213516,7.570157939422529,39.034254070187984,422.9193351775742,5.902353118200377,5.315522878587539,11.120639944731325
64.51143607795042,18.103403859927365,39.421482856029655,7.383931431628517,53.20036451705575,295.6486490698966,7.225463774139606,2.805263362057867,13.039580579878525
59.59270826085207,21.345349800290403,35.79657903184888,9.559321064538679,60.0356547233509,,7.403598321818943,2.046150144936197,16.504129235360647
71.53182457511556,24.834365135631014,82.06755491240412,10.620617492239216,72.34797631804922,398.4470533564549,5.658670652938657,3.5212571850819274,
42.326524371119504,33.97278931758894,,10.791367621579912,78.96998459785853,354.5158291509083,5.98798570455681,7.383798668827145,17.684812023904186
58.723206367206785,,49.963908920101254,6.875663946843396,42.80462708421828,353.1746812605202,6.360094828811497,6.900031657339291,12.948868680047452
51.83342005738352,26.118939758194493,75.59857031094114,7.581556252510945,23.479046278359235,366.6110221765557,6.0177311025449045,5.4860094441088,12.188682779087863
71.89802933217672,24.91788551963624,50.91576690394704,4.6331236155581,,414.60963641631866,6.752982776727933,1.9345988802201384,15.815076468589226
41.91701714644849,30.94196636724042,87.39014570320404,6.388259867007623,55.20561013165772,390.63354907968125,6.135863898796694,4.607438697224127,
41.602781578192236,37.63466212936811,70.16888807008904,9.929703266194915,30.72482147578778,288.0884383337514,7.582528033903301,5.603400017803471,11.794882541331
44.00607354555978,22.345656135398396,52.68132887781446,,30.85698170209914,293.9649923682467,7.095274297171798,5.351072459157196,11.468669329034208
28.76104275690193,22.55280278740889,,5.531302256240156,56.87575763099771,369.6567411071412,6.6062870153161075,1.3124128330385085,6.541689311008489
44.74244978319239,30.22080438534536,,6.815071481694211,49.026952968590976,422.8843293026776,7.013493131659866,3.2193643039602566,
42.40867338446302,28.40945744813156,71.13143058013961,7.947188486082146,50.65593990823173,262.6247578637383,,4.871844471702567,9.636037665840426
51.50393786476208,34.23353662868017,64.48938870609737,8.560322317639214,,375.0134911924185,6.218026255970878,6.072581819034379,14.654097483615558
53.41755975777159,27.919640926629818,79.52611934098198,6.3807929601567075,,373.68760717412897,6.091891377729017,0.6077443578001072,11.302350723366711
68.76170839215887,23.203539546064704,83.42266795090279,8.848122088928179,31.515337114633912,469.41688891042236,6.539071531484824,4.675752049040283,13.274857008248935
59.5042383818605,27.953274153461546,60.4800622359865,7.052321305858168,67.80396822249574,380.74890941435683,6.930818062248972,5.286097539757905,
44.23096344337597,,48.69873194480725,7.9710954582434415,70.70498669447505,419.14944923704644,6.569530199326709,6.6992239770324264,17.649300703675554
41.01585328651642,29.102410905986822,66.89958214408675,9.092568496007399,13.076242755238127,407.06285700437314,5.711501758904501,6.385715168474873,12.795211557525347
54.919191715065054,27.53637015553649,49.834269453718406,8.012844539621875,31.4097827961518,,6.098587778024579,6.165142637617611,13.836725280196001
36.797667929793576,30.333373447945768,90.20080871289935,7.127228218946863,20.069414898198417,438.41036083158684,6.463013568202811,3.400118986596132,9.906882258069933
68.31458765854353,30.846477952228362,62.04802996624106,7.780780392148339,36.99952131186204,410.7698252728144,,1.1839957257533849,15.816511272918156
61.79440120721287,31.910794955187637,54.52017673031837,7.82327408158933,48.331240604192786,425.4134319837295,7.486271088394904,4.213894485877198,17.47948016969387
45.30824347895295,28.243549437948214,62.77020458797362,7.2599779402357445,21.0070956060294,596.3118853218164,,7.00326365041712,16.175164226216587
32.868654709091224,24.164409598415727,39.793105657054554,7.482407874665795,31.562803737493738,295.79435302507056,6.752794620917937,7.786909055048863,10.831144338452326
63.538723741654124,25.733568432166614,45.42578942234023,11.197294341009433,29.92085255837003,486.2348324880554,7.244556554164145,6.4210982045955705,18.07566620601301
48.85460154747382,31.032544832541785,78.00620861916639,9.121838895882478,54.14534658797888,385.6276240299822,7.635724872711398,5.858681645603468,13.755753495876734
62.378163119734616,20.91532164506382,50.14658581542906,7.409039363941679,51.38688674072501,414.36644522015047,6.297801288408019,5.759279296771931,16.384028652608304
,26.843366544364507,44.296335259770906,9.393908809021472,35.565248933254935,397.72438773493786,,3.887762506478439,14.155106474159682
44.00624977046227,23.033305938363196,68.04979128790929,,53.53641744278796,,6.784880178599323,4.73987941289276,12.272112665411198
50.05243699718183,25.143724114674086,77.78556231994496,10.346249275173282,39.06639830825469,371.50835358806205,6.597740865776645,8.338139051652663,11.838096141455416
50.46980593764742,31.392259313036494,70.784299659976,8.739284384396187,44.56689779347894,416.4754367786505,6.450577399380347,3.1148839884162474,14.687138690022197
45.49934528520756,25.955495340099517,74.94071528708724,7.7853957119915425,83.46904180597073,324.14131516641606,6.717987694750023,8.229557581419703,12.640233871631635
,25.232182740780743,48.64807367145809,8.895433851620556,76.80922103580696,437.52895837608827,5.233876957390157,4.3559436910158835,19.306246430505084
39.32379570617405,,38.67283999887235,4.858247695863001,24.008375261448048,379.1902797557373,6.841034745031315,,11.233895029723561
48.576205149787064,28.731267830136105,82.5200047793323,,66.5946483575835,343.4965330479821,6.563088951830983,2.1863699810049235,11.020097278545592
,28.227420905705376,55.15980241736796,5.612149987201889,66.22793108983184,,6.388762551610867,6.171808402329298,15.488082087480514
55.14438834058749,35.8162736165273,,8.285886189527414,27.034734224947634,462.85746084312865,7.523431097859779,3.526459728104756,17.17760987449116
57.1161487808889,23.461108825234994,79.92291212773587,,66.37555287509721,373.23324564918886,6.162532990604724,2.169465616151625,13.436004455681399
38.75357908162131,26.095751638319694,68.3434501410099,12.462600292385265,80.75863836825106,417.922680910481,6.298462005467485,5.437068084821892,
34.65885829264378,26.246918418553776,,9.276102202881514,27.549103875111722,363.45218621422634,7.495776651102367,7.018943577191937,9.885553149104474
62.77676821898509,32.887266398817374,92.47503517351626,9.001688949888914,31.649943579714726,437.896092496181,6.083969347575072,3.3101171228130073,12.688548827933683
,24.523522338065238,50.347226544297854,4.3978845316945225,70.35322933687004,,6.224942358531731,2.0019680790831975,15.912785834654235
42.51513463443446,26.395107628851697,73.91760192121856,6.914652400531956,,492.4304416648206,,4.81631047133009,14.406114742491612
65.51151975522524,28.039482548582697,60.855196873456265,6.424432496183522,61.02952550479046,391.2218027250392,,4.825129342445638,16.03013359474434
51.156746342928585,25.93304561578179,64.02888418294886,6.758304803497768,56.811784328009935,433.43274023789536,6.603901253676657,6.096639255108998,13.769063241157452
61.792971840638266,22.767831927247357,82.92702639618798,7.663712362830421,57.813918418562885,404.90337697694724,5.853687326423868,6.899189142728977,13.31568863523344
50.67518481410109,25.97044996449154,67.61753634434436,7.055818844605746,23.47055743377834,464.79358909315073,,4.881169637455012,12.347985371309392
70.60747924881987,30.36815874929886,68.07444118574449,4.041400379248424,70.94635413242897,364.0583806195635,6.196322783393894,8.711006629588526,16.825630814043553
67.55340842443204,19.8674235029447,76.08761005964703,,73.39179984855548,437.25026564386405,6.461389477388477,5.448469489070583,15.154530915196794
47.51035851520926,25.66484837073438,54.52570905685672,5.8545139485203865,,390.2651351941659,6.712921829314914,4.307146987986201,13.965656353224649
59.71570950954356,21.499395925304135,47.4118549899149,,49.13046100372275,396.7905911445751,6.709102877943986,1.7768652817943442,15.762217539617534
56.45375949585147,30.975233144624212,44.327862089684494,12.148165339499947,19.377849948885558,404.58762422241864,5.611994122975799,4.474680959367665,
63.68631557532349,17.384065476081126,30.504651159359973,6.161230816827153,60.2850951203567,412.6120198213339,7.031970493780428,4.327226109177728,16.26018882269892
40.35076539419896,22.205390763642058,90.84310694910484,2.9394249545073405,61.441148834282885,394.1885478439021,,6.920609592562941,
56.86051459998439,26.886059375322603,43.451874514174754,,48.75617966001378,410.73565915852635,7.192266023796953,,16.17319721101199
60.58424486849588,32.827620146171704,56.68119564621342,10.201919269997141,72.48706719741006,,6.7220991636453356,2.6412617567347656,20.17319506482433
32.41260513576886,,55.84780050166619,11.916694908441187,43.31845538040119,449.2724842807609,7.050661478867881,5.344508772822075,
38.16741487334225,22.22400236653401,64.61110046713651,5.540900811095167,61.292118517872005,,6.733272655725063,6.343062343458107,11.773553374896885
29.607678222398995,34.40578534720295,72.23605818808946,8.993398446473044,29.606713226157687,377.22302369880646,7.173112878101374,8.056062718775665,10.44495056536212
47.305931655554424,17.75993049791878,72.90710232539618,7.069379086439893,49.52895698251524,355.53795858858376,6.761125318008889,6.7750079348281185,10.110170038154651
57.17542255795962,14.005970216899591,51.25383842146592,7.788103291391729,,447.7650279118876,6.451042376778548,6.521693308622956,14.156599014089432
65.02357052096028,27.20007225026666,57.49317429320383,13.28868669403407,54.50615844081883,443.8023396264897,7.636217360223441,5.120171989230327,18.19837840596418
50.74094780419775,,64.2386992573245,4.994059343209694,42.60946142333283,473.6335337875491,6.944518561139946,5.776624010846899,
66.28615545571292,19.893835914346433,56.2696331072468,8.507479322989147,47.37054808656664,369.8009687015385,6.786872210502207,7.499009801412317,15.240396006178097
36.198985417851084,28.541782236496765,84.1101836402999,8.935386343530867,66.52094342883012,388.52256723198263,5.861847791730832,2.3344452050407005,11.860599308152642
32.96617560644845,26.219003568855996,67.36462427457377,10.171572649878694,41.26471525523565,318.0257918737283,5.855846191268231,4.301121345566088,10.611068927626185
49.44452301103381,22.179606846316357,71.02316679074727,,17.868457985226414,380.37644469695636,6.6463577410709265,3.4548625024875186,10.510177572845143
53.840654489393074,18.59847800664553,69.94321903001119,8.616101079008205,84.99167808410841,449.82852552897236,6.572760598884121,5.758306237452248,14.551406425208002
49.67305251905907,29.362286641400722,77.60210786227987,7.216702865156417,77.62908157380973,376.6752310385901,6.192938717495842,7.460444351301575,14.420672956723363
29.325578999601234,28.251005889793305,62.7153233805556,8.538253882490215,24.154746097887628,,6.57049134980603,3.8060514265578522,12.092222458369342
49.10879960487212,24.504120681103085,40.5475207806623,7.313615449005179,63.79415610490389,390.47484470010943,7.294313464021798,0.21939126506112405,15.665138851294563
36.95530499495147,,65.99531927628962,9.243143779712101,39.94050458897314,416.20285141107803,,4.17555850995106,13.061989840603998
56.69672548830039,19.649576168369236,50.22964659312257,7.260779327912732,55.26974430662119,342.61543050921665,5.9294957451236305,6.826947464034813,13.707921986018038
53.66598246096848,17.372374145376305,52.07074977375365,8.754200787804374,55.884482580269875,404.26047248169505,6.444245586428528,6.075259805899759,14.08596347374943
,21.540459650593778,68.7954602813264,7.941474372630044,45.31184399367356,250.44320145496383,6.097516759573719,5.8563724956211525,8.73238700321059
44.861330826633065,,78.57424607150453,10.252100501544337,,390.65519209190074,6.3061500417957195,4.44001339625104,11.719389394483512
39.40786478111048,26.21669724661346,60.319073651040924,7.897212552823028,36.18917895367481,318.476337814243,6.293192167185179,2.4419385275604273,11.5463210050316
49.37320902726828,23.79381971071835,64.63249518898445,4.453935063586237,31.67616169037515,460.2997258273408,6.2611772086979975,6.030588643248935,12.583805965905356
,26.760276982571483,85.53322416952857,10.523843001427984,,438.87036763822556,5.872432314013302,3.3314363799307505,
40.14273953664456,,63.61129769232853,6.188535398274762,48.65643419901289,423.33354909830405,6.4361726592409045,9.368193466760912,12.451227098135327
,32.2188230203663,99.02524671270592,6.6924673227023606,35.68480021778497,476.050311357969,6.219696181576345,6.141014416709032,13.010814703327734
44.69742381627559,24.589244108037157,,6.808677411913016,63.6410413142524,352.55417395875816,5.035275654998866,,13.315123770833125
42.07127167737656,30.586479157940637,33.58855861266274,10.748876186341635,79.74492310671855,487.3681598957779,7.526486012250832,3.777229505222744,20.683683293115262
48.929696400454425,26.71362673188852,71.30012431656799,3.728651572042609,38.39893517259914,446.60957821301923,7.0443848271083365,,11.457076785035953
39.64757677580626,27.283766095768918,65.71737577324167,14.275497067319987,54.78809001070754,388.1722356390527,6.311849637537502,4.5209961559565,14.264882272360667
44.46350694652818,,79.34629131124119,10.112113618132103,59.99370220605868,456.7810073591472,6.509409524870299,7.233667551059908,13.943334054827789
38.021221074111516,,70.09772026904938,8.446477828258319,59.44004541838549,344.68532437941826,5.914172826341219,5.372832339488093,12.550933485666098
,,,7.890211998767427,,358.7742919236163,7.347861438905433,3.536736522182944,16.20767791908732
50.35263551971729,31.645762650662157,41.635526455659516,8.571108149715315,,369.57051383801496,,8.780881370311565,18.48473561060389
43.00274492007414,25.98260584850735,56.86465114070962,9.042244856758677,59.64497905361314,373.55111459679927,6.5783468641232625,5.0986166630404455,14.6185161496862
52.13979910734222,28.54501878794256,47.2421931868605,9.290431171900114,,,,6.537679351937793,
48.8767195030917,24.551321528563868,51.29214825292916,9.111208932006896,67.38312128778546,461.15415335476627,6.587643389466962,3.7835469851104815,16.788848079266423
47.79030400466777,32.200586077247365,,8.179161362510497,,387.05727998150843,5.831637280562035,5.726231255489047,14.997061431831353
56.14166700043425,21.61803848970365,85.0485675652711,7.605323159385348,34.73427791642837,417.625248417844,6.294088315518171,5.62221998228639,11.64395096012928
57.57507710047305,,65.92007294734472,7.697453432692977,50.75875670895204,371.482431679316,,1.220701415807694,15.291191873072947
44.69498852389472,,42.06175406947224,7.610183439294638,63.66657985622139,308.9698349725742,6.2727261406282775,9.030550220921281,14.689360357797286
44.2418175935532,,66.66904002330212,10.26754019373413,45.81372360841277,413.5028679195711,6.390673361282482,7.581288921845094,12.723986203699125
47.24948302848356,25.640522074553946,77.94947229968477,9.187113444561724,71.45956095532023,304.38725122901116,6.454300221245442,4.205609367708025,11.829966160882606
26.98078835264415,21.594741712625595,50.85325643520927,2.1192227306714395,97.27744989238721,396.5682976957266,6.4595607510672695,2.795460519088289,13.054380908305907
34.84808937801448,29.203217744943622,,,34.28027934730035,331.5842480583595,6.526129245248741,5.6951232276071035,12.619658123794432
,21.736880103488044,,8.38947238943755,22.379107936924502,499.3637999615404,5.9696974668016995,,
,22.769082833926102,48.2265253037664,7.962582487108206,56.076371912097514,,6.141491925436032,5.711337897126459,18.40337707709802
,15.552296345272346,,7.222963093822228,64.43125010252287,405.287689563574,5.857707867150015,5.383154792388179,12.249700625152794
55.765569630557664,22.738468403754617,58.18577777088328,10.248225439972027,45.38267252310462,463.1853338827334,6.9889077748431,6.012481978611852,15.789190246942194
53.112501545435364,12.880603366855217,66.29298665860541,9.895052924245716,79.06521326642068,357.6842011267132,5.4471765290798375,7.8946113987836135,13.777687937978063
80.78880808455239,17.080485882571384,46.6876173329685,6.454244664352782,23.227884005535024,427.1739689335046,7.076795171658462,6.136206410257293,14.845338750692216
61.195749114345766,28.802073280721487,53.438125495148846,,63.858372460632225,409.9905216859357,7.193174698631422,2.9006890021801177,17.793564774139274
48.72082408519233,28.92900079325416,70.83572036741657,6.056686530917428,37.882783584822135,413.2010040666835,6.34890970650869,7.7251257054249045,12.550271997683542
40.44459559399574,27.127287808924823,54.4075027186235,5.2407636704221385,84.38755812414593,463.6176750053384,5.19843145608635,8.281229126976575,17.464936184814746
33.93553679742428,20.165119284353935,85.90445776850108,6.74656555082007,89.85030706336237,,6.319344719016355,11.30411346902417,11.633270889138206
52.03463635867223,,54.005457215780964,9.724786944765517,34.666868244333045,414.43618314125115,6.46790791935559,2.753011933520804,15.012751441829975
42.436492547156966,24.981987304547157,63.37027088627829,9.906250090752174,39.0088572818284,317.2556281885852,5.994700890035543,5.48576402630055,11.704713426734402
,19.208176554037287,73.98886247809635,9.026170840194586,67.19175773959604,,,0.8358025936220255,9.29289507589146
43.534271157574736,32.51699150883575,38.724514006004526,9.450191573695994,42.257387004209704,393.8645533202138,,6.106298312758418,16.998022752716974
39.18451996385605,29.386811452878355,33.587867820288366,9.032356574229917,,404.6686187138326,,3.9035994036664547,16.379863394920683
66.87141635072564,23.89517913085168,37.11515528144858,6.717036809554095,50.5077684108482,343.4898137663038,6.03771794281095,8.846891589649907,17.47136121979896
58.816397569494505,25.134429194972654,78.93876155140774,8.863845089347882,11.606536876046874,520.5838337789211,5.701200415202284,3.450770059962836,14.160946129750684
49.92027358683383,26.04191403973776,51.7221278116133,9.600819050455364,,475.8197027626786,6.3364913411951145,1.6216339240654767,17.10262762426856
64.79944138890026,14.791325657878547,98.37298928502378,9.508582659627148,36.20544451871652,430.10591601962415,6.393271610324781,4.0574725185949605,9.59620265536931
50.77368307647618,23.764113087397014,,10.377826742949285,40.13754355200456,403.6018430641872,6.748099593681658,1.049024457565725,
41.38715798671736,21.590078760011007,62.768269547955555,9.416607694402128,78.87264006937627,389.3895515049424,6.23234164371617,6.50219890901462,14.04103968875952
65.23124077269657,19.991899950525422,83.13164928851813,8.702896415083165,24.86986211441487,,6.755749787680931,0.8698339074873589,10.248242445775935
55.38910043684659,23.594498535570224,90.09139332238684,10.140300476632856,66.26410373495955,403.8740259259431,7.467577020030115,5.056915162366318,13.292037816941033
39.62753845673544,33.988432634247616,90.92255364954596,7.9469574815018795,44.420741393363826,412.88762700713755,6.907750511222131,0.8443763602876064,10.759038366376235
,28.20421430633505,78.12549345889714,6.236250697544564,44.40479663008331,337.91197122591876,6.475955746334614,4.359404390926716,11.223695940833807
41.24381746615243,22.144105051086015,75.36093788717193,7.673866072112472,65.80743792103422,416.70882086224486,6.408424764473352,8.286756311609068,11.483441643106984
36.172002690356635,27.862913906780793,68.88790423801774,6.510194710387102,56.80102589137781,392.2370475587626,6.321663432910064,5.72129578287159,11.753046446736304
