time,SP,PV,PV_meas,OP,Demand
0.0,5.0,-0.33,-0.22670360528471944,3.2666897533029498,0.55
0.5,5.0,-0.21471506342791372,-0.23420958427080957,3.402048580301374,0.6031414634623641
1.0,5.0,-0.014915482719559503,-0.05179850567881353,3.4188968957881465,0.5062821518156256
1.5,5.0,0.11965078877317115,0.15982791702902852,3.4129253442377157,0.5094212901419285
2.0,5.0,0.15922274222263327,0.14001163695048927,3.546314821361077,0.6625581039058627
2.5,5.0,0.3140270304321268,0.4530770085562015,3.4721486731837445,0.6156918191455689
3.0,5.0,0.4942786446202938,0.3831373434068503,3.6295340386881842,0.5188216626637029
3.5,5.0,0.6101815531702959,0.6050171376537874,3.6062807336986773,0.5219468622182091
4.0,5.0,0.7219293045007064,0.7424979419967748,3.6302298025429653,0.5250666467128609
4.5,5.0,0.7997055960923117,0.7618601909076658,3.724565948423739,0.5781802463875165
5.0,5.0,0.9336848115892824,0.6465565452935362,3.902584222159879,0.5312868930080462
5.5,5.0,1.0040325277840196,0.9879420369791003,3.798054376224063,0.5843858200558819
6.0,5.0,1.130905993192059,1.2209236918833057,3.7527422909844566,0.5374762629171449
6.5,5.0,1.224454579826351,1.3022654984389528,3.796380569590095,0.5405574590713025
7.0,5.0,1.2848202096886914,1.3202980579057113,3.8775535824623963,0.5936286482793085
7.5,5.0,1.4021377574097678,1.2923515215748453,3.9870127162215447,0.5466890727711811
8.0,5.0,1.4565354303878795,1.4960663766337279,3.9523821437703726,0.599737977432971
8.5,5.0,1.5681351276996105,1.5107913455453867,4.030777378784743,0.5527746099930746
9.0,5.0,1.6170527789833635,1.6524010695782303,4.0295015176255795,0.6057982212078459
9.5,5.0,1.7233986644283747,1.7355491655685462,4.061223930892178,0.5588080650464607
10.0,5.0,1.70727771693745,1.6096401898091128,4.22152831160261,0.7118033988749896
10.5,5.0,1.868789807470957,1.7795442235352668,4.2000972857785355,0.5647834836396299
11.0,5.0,1.908030014522336,1.9435322599644875,4.178116157421891,0.6177475840490583
11.5,5.0,2.005088878621409,1.982977569092559,4.2298745327177345,0.5706949687558515
12.0,5.0,2.040052642710839,1.9560244996451261,4.322145761895065,0.6236249105369356
12.5,5.0,2.1030034791930645,2.010720460220381,4.364060174044403,0.626536686473018
13.0,5.0,2.1640197043997533,2.133636619601132,4.361969562925925,0.6294295781269562
13.5,5.0,2.223175981193111,2.379986460664932,4.279659996771021,0.6323028717210218
14.0,5.0,2.3105435103680954,2.2579357071468995,4.421442056203168,0.5851558583130145
14.5,5.0,2.2161902114866114,2.2147882576608526,4.516960819453274,0.837987833971183
15.0,5.0,2.4201808937389258,2.430345322507877,4.451867947482364,0.5907980999479093
15.5,5.0,2.4725774173937793,2.359474778244585,4.560403404584223,0.5935859628521147
16.0,5.0,2.523438846366794,2.3471555979825247,4.634116022791897,0.5963507348203431
16.5,5.0,2.572821592406734,2.470157518933161,4.623560932248186,0.5990917336864815
17.0,5.0,2.5907795513708423,2.6154872891514724,4.595975887888413,0.6518082831500743
17.5,5.0,2.6373642320337525,2.646097337825293,4.636457425238487,0.6544997129431898
18.0,5.0,2.7126248778492728,2.782865534764379,4.6098248687059264,0.6071653589957994
18.5,5.0,2.7266085820605563,2.736283571556468,4.694366957341762,0.6598045635996264
19.0,5.0,2.7693603965317797,2.7584054673848595,4.737133683160105,0.6624166755704262
19.5,5.0,2.780923434653287,2.7205222071607746,4.816850584115537,0.7150010504086557
20.0,5.0,2.8813389686522304,2.9697996476385,4.7180391286379395,0.6175570504584946
20.5,5.0,2.830646521621933,2.7387285077498613,4.913213599877376,0.7700840450651768
21.0,5.0,2.958883954565455,2.8478440028358527,4.901548202754885,0.6225814107305954
21.5,5.0,2.996087548732133,3.052793100470943,4.827258916662057,0.625048531267141
22.0,5.0,3.0322920835100695,2.898976352444704,4.9720745566666835,0.627484797949738
22.5,5.0,3.00753091012269,3.2490100099885533,4.8058291118906595,0.7298896096660367
23.0,5.0,3.1018360213634324,3.1098353594193466,4.936588018246701,0.6322623730647303
23.5,5.0,3.1352381175894166,3.1700287292219054,4.946221278134617,0.6346025027019546
24.0,5.0,3.1677666691824484,3.08692468673011,5.0,0.6369094211857378
24.5,5.0,3.109449975673942,3.0779234912497877,5.0,0.7891825593184629
25.0,5.0,3.2303152217192466,3.187639510031011,5.0,0.6414213562373094
25.5,5.0,3.2003885300963715,3.146205031329507,5.0,0.7436252595526377
26.0,5.0,3.229695011894255,3.2929911870452377,5.0,0.7457937254842822
26.5,5.0,3.2882588140463778,3.2433012102238497,5.0,0.697926218995722
27.0,5.0,3.346103164356749,3.447853287265167,5.0,0.6500222139260919
27.5,5.0,3.373250414156998,3.6395686491689805,5.0,0.6520811931200062
28.0,5.0,3.3697220787254896,3.3401679547108345,5.0,0.7041026485551579
28.5,5.0,3.3655388755920077,3.3807704269496703,5.0,0.7560860814676659
29.0,5.0,3.42072076084459,3.4586689665611408,5.0,0.7080310024751382
29.5,5.0,3.475286963548545,3.6564374448078967,5.0,0.6599369316974181
30.0,5.0,3.499256018381478,3.4909912398776592,5.0,0.6618033988749895
30.5,5.0,3.522645796582336,3.4397441046164996,5.0,0.6636299434850047
31.0,5.0,3.545473535306957,3.4188394847443866,5.0,0.6654161148549124
31.5,5.0,3.4477558654774274,3.441957470734204,5.0,0.867161472273654
32.0,5.0,3.5895088382076397,3.5446708163022516,5.0,0.6688655851004031
32.5,5.0,3.5207479498828254,3.7217488788128255,5.0,0.8205280328708184
33.0,5.0,3.6314881659664877,3.8084744080341846,5.0,0.6721484054007887
33.5,5.0,3.6517439436040315,3.548306660811672,5.0,0.6737263028876382
34.0,5.0,3.671529253088506,3.6004532427335882,5.0,0.6752613360087727
34.5,5.0,3.660857598250239,3.6682346090389277,5.0,0.7267531260177388
35.0,5.0,3.6797420358286446,3.819464678084521,5.0,0.7282013048376736
35.5,5.0,3.6981951938812943,3.703896507518399,5.0,0.7296055151521232
36.0,5.0,3.7462292892821814,3.681505225483377,5.0,0.6809654104932039
36.5,5.0,3.763856144358297,3.7579679633680243,5.0,0.682280655327089
37.0,5.0,3.7810872027108404,3.7182387163212356,5.0,0.6835509251367963
37.5,5.0,3.7679335442648227,3.828181265208771,5.0,0.7347759065022574
38.0,5.0,3.784405899588398,3.7135025284219276,5.0,0.7359552971776503
38.5,5.0,3.830514663520946,3.7794710582782494,5.0,0.6870888061659735
39.0,5.0,3.786269908146771,3.9024632894923807,5.0,0.788176153790845
39.5,5.0,3.8316813951492192,3.754844900417812,5.0,0.7392170717655091
40.0,5.0,3.8767585875781183,3.732145784322102,5.0,0.6902113032590307
40.5,5.0,3.8915106610615884,3.901010036197219,5.0,0.691158602959666
41.0,5.0,3.8759465144915697,3.83989917407111,5.0,0.7420587371353886
41.5,5.0,3.920074780210803,3.9712163303037986,5.0,0.6929114836915596
42.0,5.0,3.9339038337274412,3.96565102720055,5.0,0.6937166322257262
42.5,5.0,3.9174418029820504,3.914249953517714,5.0,0.7444739840795354
43.0,5.0,3.9606965771903795,3.9545922346433797,5.0,0.6951833523877495
43.5,5.0,3.9136758152840123,3.8400899703517286,5.0,0.7958445621243532
44.0,5.0,3.9263869539697644,3.934721661069089,5.0,0.7964574501457377
44.5,5.0,3.9688372154275893,4.0569656935708664,5.0,0.7470218652309548
45.0,5.0,3.95103361466564,3.8536889405256924,5.0,0.7975376681190275
45.5,5.0,4.022982966550129,4.022443228913975,5.0,0.6980047315433116
46.0,5.0,4.004691892526651,4.108530768100112,5.0,0.7484229402628956
46.5,5.0,4.046166827048762,4.096709236370432,5.0,0.698792191091036
47.0,5.0,4.0574140237286835,4.188361313363755,5.0,0.699112392920616
47.5,5.0,4.008439561224257,3.951625328240824,5.0,0.7993834667466256
48.0,5.0,4.049249348875482,3.8661725040359953,5.0,0.7496053456856544
48.5,5.0,4.059849132103214,4.079914312498783,5.0,0.7497779749923941
49.0,5.0,4.070244497582002,4.10650157908465,5.0,0.7499013120731464
49.5,5.0,4.0804408781983,4.217283073645568,5.0,0.7499753264963321
50.0,5.0,4.1204435578047605,4.2392581312754585,5.0,0.7
50.5,5.0,4.130257675780703,4.183932038081949,5.0,0.6999753264963321
51.0,5.0,4.079888231408307,4.156427252825351,5.0,0.7999013120731463
51.5,5.0,4.089340088073603,4.070157942252939,5.0,0.799777974992394
52.0,5.0,4.128617977300785,4.0067065161688635,5.0,0.7496053456856544
52.5,5.0,4.167726502628015,4.179498624366106,5.0,0.6993834667466257
53.0,5.0,4.086670143332315,4.1849274896950925,5.0,0.849112392920616
53.5,5.0,4.185453258010902,4.2510893449937575,5.0,0.698792191091036
54.0,5.0,4.074080088025776,4.157460821941713,5.0,0.8984229402628956
54.5,5.0,4.202554760818136,4.159779192113461,5.0,0.6980047315433116
55.0,5.0,4.210881293098769,4.184326609296926,5.0,0.6975376681190275
55.5,5.0,4.159063593920285,4.207406142731745,5.0,0.7970218652309548
56.0,5.0,4.227105467636727,4.172454728185851,5.0,0.6964574501457378
56.5,5.0,4.20501061675583,4.15343890976253,5.0,0.7458445621243532
57.0,5.0,4.242782644688899,4.272580868326644,5.0,0.6951833523877495
57.5,5.0,4.190425058403037,4.266515532718728,5.0,0.7944739840795353
58.0,5.0,4.257941270980202,4.237988403647261,5.0,0.6937166322257262
58.5,5.0,4.235334604087333,4.1190156579819694,5.0,0.7429114836915597
59.0,5.0,4.272608290361595,4.199027898857312,5.0,0.6920587371353886
59.5,5.0,4.189765475714536,4.210132684203845,5.0,0.841158602959666
60.0,5.0,4.256809221558812,4.275961317945408,5.0,0.7402113032590307
60.5,5.0,4.293742506960907,4.317866320726441,5.0,0.6892170717655091
61.0,5.0,4.3005682307231226,4.352697759782698,5.0,0.6881761537908451
61.5,5.0,4.307289213397933,4.307870269252178,5.0,0.6870888061659735
62.0,5.0,4.253908199237661,4.280413803721692,5.0,0.7859552971776503
62.5,5.0,4.2604278580822665,4.25592517579938,5.0,0.7847759065022574
63.0,5.0,4.296850787187911,4.411724135480855,5.0,0.7335509251367963
63.5,5.0,4.333179512998822,4.476413716120573,5.0,0.682280655327089
64.0,5.0,4.309416492864853,4.190515364626849,5.0,0.730965410493204
64.5,5.0,4.345564116707035,4.320038922496809,5.0,0.6796055151521232
65.0,5.0,4.321624708633275,4.324897157787345,5.0,0.7282013048376736
65.5,5.0,4.267600528506276,4.240909057304844,5.0,0.8267531260177388
66.0,5.0,4.363493773465636,4.542786032598723,5.0,0.6752613360087727
66.5,5.0,4.249306579405992,4.271702107214966,5.0,0.8737263028876383
67.0,5.0,4.375041022412994,4.294503839707959,5.0,0.6721484054007887
67.5,5.0,4.350699120158795,4.410343354114862,5.0,0.7205280328708186
68.0,5.0,4.386282833258672,4.4133802871432914,5.0,0.6688655851004031
68.5,5.0,4.391794066590308,4.42221335854565,5.0,0.6671614722736541
69.0,5.0,4.3372346705772,4.518022286457119,5.0,0.7654161148549123
69.5,5.0,4.372606442437584,4.407684960013064,5.0,0.7136299434850047
70.0,5.0,4.347911127400208,4.317544975012808,5.0,0.7618033988749895
70.5,5.0,4.3531504198882125,4.1576227772572025,5.0,0.7599369316974182
71.0,5.0,4.358325964672333,4.341786062857982,5.0,0.7580310024751381
71.5,5.0,4.423439357994556,4.554036349727275,5.0,0.6560860814676659
72.0,5.0,4.308492148663366,4.299375236707747,5.0,0.8541026485551579
72.5,5.0,4.373485839121582,4.149480849269631,5.0,0.7520811931200062
73.0,5.0,4.348421886487822,4.2985856472685775,5.0,0.800022213926092
73.5,5.0,4.413301703572531,4.5125705574638095,5.0,0.6979262189957219
74.0,5.0,4.418126659869494,4.472708377325696,5.0,0.6957937254842823
74.5,5.0,4.422898082523697,4.338909992872623,5.0,0.6936252595526378
75.0,5.0,4.457617257276375,4.401088779636467,5.0,0.6414213562373096
75.5,5.0,4.432285429388039,4.3912145634777975,5.0,0.689182559318463
76.0,5.0,4.466903804540248,4.400632427353955,5.0,0.6369094211857378
76.5,5.0,4.441473549716849,4.238506162942891,5.0,0.6846025027019547
77.0,5.0,4.4759957940653745,4.55235490412736,5.0,0.6322623730647303
77.5,5.0,4.420471629739287,4.5461776254081965,5.0,0.7298896096660368
78.0,5.0,4.454902112721674,4.3030572183252005,5.0,0.677484797949738
78.5,5.0,4.4892882636310345,4.613673556889666,5.0,0.6250485312671411
79.0,5.0,4.463631068509723,4.4533287483700015,5.0,0.6725814107305953
79.5,5.0,4.407931479595617,4.530444714412404,5.0,0.7700840450651768
80.0,5.0,4.5021904160775446,4.505985459706589,5.0,0.6175570504584946
80.5,5.0,4.476408764834983,4.489963224050846,5.0,0.6650010504086558
81.0,5.0,4.480587381162525,4.517830845860747,5.0,0.6624166755704262
81.5,5.0,4.514727089479578,4.435720456966051,5.0,0.6098045635996264
82.0,5.0,4.428828684025765,4.548296098458567,5.0,0.7571653589957994
82.5,5.0,4.522892929542439,4.410754865734961,5.0,0.6044997129431899
83.0,5.0,4.526920561940741,4.486713887489073,5.0,0.6018082831500742
83.5,5.0,4.530912288956618,4.583338756720934,5.0,0.5990917336864815
84.0,5.0,4.474868790793141,4.423949266744595,5.0,0.696350734820343
84.5,5.0,4.538790720750544,4.616543844832039,5.0,0.5935859628521147
85.0,5.0,4.4526787058442965,4.590265323162692,5.0,0.7407980999479095
85.5,5.0,4.516533347411578,4.617787947516962,5.0,0.6379878339711831
86.0,5.0,4.55035522170646,4.356743690338598,5.0,0.5851558583130145
86.5,5.0,4.524144880484136,4.536729577446072,5.0,0.6323028717210218
87.0,5.0,4.557902851574472,4.660771112644111,5.0,0.5794295781269563
87.5,5.0,4.561629639445193,4.429954754762987,5.0,0.576536686473018
88.0,5.0,4.565325725754964,4.637686784477852,5.0,0.5736249105369357
88.5,5.0,4.508991569896662,4.575737648060594,5.0,0.6706949687558513
89.0,5.0,4.57262760953106,4.4514186203372335,5.0,0.5677475840490582
89.5,5.0,4.546234261111217,4.629657527685233,5.0,0.61478348363963
90.0,5.0,4.579811920397766,4.6070816997507595,5.0,0.5618033988749895
90.5,5.0,4.553360962965372,4.618399141837499,5.0,0.6088080650464609
91.0,5.0,4.52688174470056,4.430250506124047,5.0,0.6557982212078459
91.5,5.0,4.560374602291124,4.575388213928263,5.0,0.6027746099930746
92.0,5.0,4.533839853707345,4.363351998294113,5.0,0.649737977432971
92.5,5.0,4.597277798675189,4.369578677921884,5.0,0.5466890727711811
93.0,5.0,4.600688719141695,4.614771561794471,5.0,0.5436286482793086
93.5,5.0,4.574072879732739,4.68413264040887,5.0,0.5905574590713025
94.0,5.0,4.547430528203325,4.572724209629833,5.0,0.6374762629171449
94.5,5.0,4.580761895880617,4.5744172894862025,5.0,0.5843858200558819
95.0,5.0,4.5840671980998335,4.565313786094346,5.0,0.5812868930080463
95.5,5.0,4.587346634633203,4.493090095488896,5.0,0.5781802463875166
96.0,5.0,4.5606003901120955,4.5384142997325645,5.0,0.6250666467128608
96.5,5.0,4.623828634442513,4.665997081268958,5.0,0.5219468622182091
97.0,5.0,4.627031523214053,4.58350929993399,5.0,0.5188216626637029
97.5,5.0,4.6302091981025075,4.705267883486085,5.0,0.515691819145569
98.0,5.0,4.63336178726621,4.652959290652671,5.0,0.5125581039058628
98.5,5.0,4.606489405736273,4.638187347513614,5.0,0.5594212901419287
99.0,5.0,4.639592155800822,4.728458431155919,5.0,0.5062821518156256
99.5,5.0,4.612670127383379,4.55999458411788,5.0,0.5531414634623641
100.0,5.0,4.615723398415461,4.6816614570341555,5.0,0.55
100.5,5.0,4.648752035203555,4.610104363478357,5.0,0.4968585365376359
101.0,5.0,4.56175609279054,4.595707541172423,5.0,0.6437178481843744
101.5,5.0,4.624735615311677,4.56015848024802,5.0,0.5405787098580714
102.0,5.0,4.657690636345267,4.566620254038794,5.0,0.48744189609413735
102.5,5.0,4.570621179258063,4.579807653822912,5.0,0.6343081808544311
103.0,5.0,4.633527257545538,4.445007252343426,5.0,0.5311783373362972
103.5,5.0,4.666408875167095,4.636782130816207,5.0,0.478053137781791
104.0,5.0,4.609266026876314,4.448628326315396,5.0,0.5749333532871391
104.5,5.0,4.6120986985463,4.690022101977661,5.0,0.5718197536124835
105.0,5.0,4.584906867490234,4.689917927101125,5.0,0.6187131069919538
105.5,5.0,4.647690502777196,4.561295380635115,5.0,0.5156141799441182
106.0,5.0,4.68044956554333,4.72328086179068,5.0,0.46252373708285505
106.5,5.0,4.653184009298436,4.743097580667185,5.0,0.5094425409286976
107.0,5.0,4.685893780228052,4.77614070247823,5.0,0.4563713517206915
107.5,5.0,4.598578817491086,4.62002390088825,5.0,0.603310927228819
108.0,5.0,4.661239053513083,4.7346695210692324,5.0,0.5002620225670291
108.5,5.0,4.693874414275166,4.628941283083127,5.0,0.44722539000692546
109.0,5.0,4.6064848195987445,4.614797066164413,5.0,0.5942017787921543
109.5,5.0,4.699070183426008,4.65235984274693,5.0,0.4411919349535392
110.0,5.0,4.671630414096293,4.598251616717756,5.0,0.4881966011250105
110.5,5.0,4.674165414618373,4.677771753765335,5.0,0.48521651636037005
111.0,5.0,4.676675082938714,4.711428120554522,5.0,0.4822524159509417
111.5,5.0,4.709159312205753,4.825510189001252,5.0,0.42930503124414854
112.0,5.0,4.711617991030249,4.738133543760138,5.0,0.4263750894630644
112.5,5.0,4.654051003741757,4.7182440572379125,5.0,0.523463313526982
113.0,5.0,4.71645823064126,4.781786547966214,5.0,0.42057042187304394
113.5,5.0,4.688839548250025,4.957592984819721,5.0,0.4676971282789783
114.0,5.0,4.661194829554695,4.480191589227437,5.0,0.5148441416869856
114.5,5.0,4.723523944248696,4.654730557564979,5.0,0.4120121660288171
115.0,5.0,4.6658267589699545,4.813232364218763,5.0,0.5092019000520905
115.5,5.0,4.608103137535009,4.572901830049662,5.0,0.6064140371478852
116.0,5.0,4.730352941169529,4.818933254929701,5.0,0.40364926517965694
116.5,5.0,4.672576028735267,4.69557698111155,5.0,0.5009082663135185
117.0,5.0,4.7047722569535075,4.915292497074309,5.0,0.44819171684992576
117.5,5.0,4.706941480625028,4.595636037918657,5.0,0.4455002870568103
118.0,5.0,4.709083552846603,4.831263608098484,5.0,0.4428346410042007
118.5,5.0,4.74119832522409,4.91615645575134,5.0,0.3901954364003737
119.0,5.0,4.743285648082124,4.641843760365324,5.0,0.38758332442957394
119.5,5.0,4.685345370670459,4.763632395028593,5.0,0.4849989495913444
120.0,5.0,4.717377341366959,4.620827542784053,5.0,0.4324429495415055
120.5,5.0,4.749381407877303,4.752397565130815,5.0,0.37991595493482316
121.0,5.0,4.721357417431401,4.6956986244131835,5.0,0.4274185892694047
121.5,5.0,4.723305216976555,4.483029823486586,5.0,0.42495146873285894
122.0,5.0,4.7252246533673965,4.767648079338587,5.0,0.42251520205026205
122.5,5.0,4.6671155735526195,4.681449490313242,5.0,0.5201103903339633
123.0,5.0,4.698977824758527,4.8468857220991035,5.0,0.46773762693526966
123.5,5.0,4.700811254669422,4.7619256201343765,5.0,0.46539749729804536
124.0,5.0,4.732615711604858,4.961704104012734,5.0,0.4130905788142623
124.5,5.0,4.7343910446937825,4.745095282901654,5.0,0.4108174406815372
125.0,5.0,4.766137104045572,4.755584098845341,5.0,0.35857864376269055
125.5,5.0,4.677853740917997,4.659418075846287,5.0,0.5063747404473622
126.0,5.0,4.769540807882128,4.725581936778951,5.0,0.3542062745157177
126.5,5.0,4.771198158984211,4.550423067345954,5.0,0.35207378100427805
127.0,5.0,4.742825649904503,4.720806187203707,5.0,0.39997778607390805
127.5,5.0,4.744423138113133,4.537637665469534,5.0,0.39791880687999376
128.0,5.0,4.685990483022947,4.7311938174815245,5.0,0.49589735144484215
128.5,5.0,4.777527546139407,4.653521516892348,5.0,0.343913918532334
129.0,5.0,4.71903419120752,4.629600928898678,5.0,0.44196899752486185
129.5,5.0,4.660510284355844,4.593569264872589,5.0,0.540063068302582
130.0,5.0,4.721955694237557,4.701462190456232,5.0,0.43819660112501047
130.5,5.0,4.78337029216863,4.784057117662534,5.0,0.3363700565149953
131.0,5.0,4.784753952263103,4.8932019105704105,5.0,0.33458388514508763
131.5,5.0,4.756106551565477,4.698353542214721,5.0,0.3828385277263459
132.0,5.0,4.757427970180249,4.805442583802486,5.0,0.38113441489959693
132.5,5.0,4.75871809139859,5.031804814720947,5.0,0.37947196712918146
133.0,5.0,4.699976801822191,4.737711872098514,5.0,0.4778515945992112
133.5,5.0,4.761203991484279,4.7431550125911155,5.0,0.37627369711236175
134.0,5.0,4.7923995539678135,4.714484388774983,5.0,0.3247386639912273
134.5,5.0,4.643563386520902,4.624130231978869,5.0,0.5732468739822614
135.0,5.0,4.7346953901694135,4.646073355808473,5.0,0.4217986951623264
135.5,5.0,4.765795469826817,4.792661612495195,5.0,0.3703944848478769
136.0,5.0,4.7368635344012695,4.747217948265209,5.0,0.41903458950679606
136.5,5.0,4.737899496899933,4.521677574808154,5.0,0.41771934467291094
137.0,5.0,4.798903274530568,4.7970474739539615,5.0,0.3164490748632037
137.5,5.0,4.769874788800397,4.877489420064398,5.0,0.3652240934977426
138.0,5.0,4.740813965612238,4.700902780391964,5.0,0.41404470282234973
138.5,5.0,4.7717207353579525,4.706431058116796,5.0,0.36291119383402654
139.0,5.0,4.772595033009184,4.634824955697498,5.0,0.3618238462091549
139.5,5.0,4.803436798205414,4.617637594042974,5.0,0.31078292823449094
140.0,5.0,4.8042459753393665,4.887380902045692,5.0,0.3097886967409693
140.5,5.0,4.7450225136397215,4.726874680681802,5.0,0.40884139704033395
141.0,5.0,4.805766367251201,4.882968523451543,5.0,0.30794126286461143
141.5,5.0,4.806477495312013,4.9596098697699595,5.0,0.30708851630844036
142.0,5.0,4.807155862028659,4.899280630519693,5.0,0.3062833677742738
142.5,5.0,4.807801436748131,4.753564204604252,5.0,0.3055260159204647
143.0,5.0,4.778414194027516,4.792900960493272,5.0,0.35481664761225046
143.5,5.0,4.748994113700975,4.6875168271852825,5.0,0.4041554378756468
144.0,5.0,4.749541180944171,4.678712334684005,5.0,0.4035425498542622
144.5,5.0,4.720055386336113,4.754336902576375,5.0,0.45297813476904525
145.0,5.0,4.750536725918431,4.667307337606613,5.0,0.40246233188097247
145.5,5.0,4.7509852012521145,4.5300700393432445,5.0,0.4019952684566884
146.0,5.0,4.811400819471709,4.722586029898971,5.0,0.30157705973710447
146.5,5.0,4.781783593336982,4.751095478468245,5.0,0.351207808908964
147.0,5.0,4.8121335412820825,4.964273391065275,5.0,0.300887607079384
147.5,5.0,4.812450687462186,4.763356942475049,5.0,0.3006165332533744
148.0,5.0,4.812735061797661,4.863927470900589,5.0,0.30039465431434564
148.5,5.0,4.812986700015745,4.7961558766195385,5.0,0.300222025007606
149.0,5.0,4.813205643689768,4.9358461580768065,5.0,0.3000986879268537
149.5,5.0,4.783391940275897,4.899101578822293,5.0,0.3500246735036679
150.0,8.0,4.857977383269598,4.97559489379359,5.0,0.3
150.5,8.0,4.884741776963743,4.711343424022008,5.0,0.4000246735036679
151.0,8.0,5.028258354876465,5.048930759600965,5.0,0.3000986879268537
151.5,8.0,5.1086741838519085,5.184568043864103,5.0,0.300222025007606
152.0,8.0,5.18612872085854,5.2242825771174735,5.0,0.30039465431434564
152.5,8.0,5.260754231129816,5.324413863711999,5.0,0.3006165332533744
153.0,8.0,5.33267618280187,5.338511283230417,5.0,0.300887607079384
153.5,8.0,5.402013619381022,5.32753519870837,5.0,0.30120780890896404
154.0,8.0,5.468879511298123,5.299169772799498,5.0,0.3015770597371044
154.5,8.0,5.533381087735155,5.468824144870307,5.0,0.30199526845668845
155.0,8.0,5.565620149842097,5.833431137205936,5.0,0.3524623318809724
155.5,8.0,5.655693366398495,5.607128248789428,5.0,0.3029781347690452
156.0,8.0,5.683692552914099,5.487753530305024,5.0,0.3535425498542622
156.5,8.0,5.7697049351064855,5.842969871179394,5.0,0.3041554378756468
157.0,8.0,5.763813397640124,5.849359398508389,5.0,0.40481664761225045
157.5,8.0,5.8160967189611705,5.944829157976384,5.0,0.40552601592046467
158.0,8.0,5.926629793014694,5.973727643385372,5.0,0.3062833677742738
158.5,8.0,5.915483838586427,6.000043990033122,5.0,0.40708851630844034
159.0,8.0,6.022726596968884,6.206748310453083,5.0,0.3079412628646114
159.5,8.0,6.038422518611909,5.963875169405697,5.0,0.35884139704033396
160.0,8.0,6.082632939380205,5.988247868837833,5.0,0.35978869674096925
160.5,8.0,6.125416247005049,6.015957593049756,5.0,0.36078292823449093
161.0,8.0,6.19682803828394,6.170251079634541,5.0,0.3118238462091549
161.5,8.0,6.236921267550586,6.380263509533103,5.0,0.3129111938340265
162.0,8.0,6.215746386907833,6.268553223682456,5.0,0.4140447028223496
162.5,8.0,6.2833514786882665,6.332220673959188,5.0,0.3652240934977426
163.0,8.0,6.31978238058074,6.137851587714268,5.0,0.3664490748632037
163.5,8.0,6.38508280383625,6.315764121112608,5.0,0.31771934467291096
164.0,8.0,6.419294444943076,6.235728681656872,5.0,0.319034589506796
164.5,8.0,6.422457091138983,6.539581670071137,5.0,0.37039448484787685
165.0,8.0,6.484608720107413,6.643173369395987,5.0,0.3217986951623263
165.5,8.0,6.515785594184882,6.59374226690892,5.0,0.32324687398226126
166.0,8.0,6.546022349388246,6.447343744814292,5.0,0.3247386639912273
166.5,8.0,6.575352079553027,6.723554328914606,5.0,0.32627369711236165
167.0,8.0,6.543806415857377,6.518480924854856,5.0,0.4278515945992113
167.5,8.0,6.571415601990819,6.449969673915553,5.0,0.42947196712918145
168.0,8.0,6.628208565212094,6.531768139750925,5.0,0.381134414899597
168.5,8.0,6.654212983526673,6.611197319967489,5.0,0.3828385277263458
169.0,8.0,6.709455349201386,6.714413201249857,5.0,0.33458388514508763
169.5,8.0,6.733961028821322,6.717826607656143,5.0,0.3363700565149952
170.0,8.0,6.757754320082533,6.61648747826543,5.0,0.3381966011250105
170.5,8.0,6.720858505503091,6.842190146421655,5.0,0.4400630683025817
171.0,8.0,6.743295903224752,6.728235311281067,5.0,0.44196899752486185
171.5,8.0,6.825087915067704,6.753712529440639,5.0,0.3439139185323341
172.0,8.0,6.8462550719917,6.957285308189976,5.0,0.34589735144484207
172.5,8.0,6.866817077108171,6.748476458281518,5.0,0.3479188068799938
173.0,8.0,6.886792846379817,6.723903828022365,5.0,0.34997778607390795
173.5,8.0,6.906200547136347,7.033449291796221,5.0,0.35207378100427805
174.0,8.0,6.925057634527882,7.114196419482916,5.0,0.35420627451571757
174.5,8.0,6.943380886030572,6.897171284165432,5.0,0.35637474044736217
175.0,8.0,6.931186434112593,6.926589433320879,5.0,0.4085786437626903
175.5,8.0,6.94848979716251,6.833823325710419,5.0,0.4108174406815371
176.0,8.0,6.965305908776319,6.965855163800658,5.0,0.4130905788142622
176.5,8.0,6.951649145493948,6.9040786191208285,5.0,0.46539749729804525
177.0,8.0,6.997533353070994,6.987320509067494,5.0,0.41773762693526967
177.5,8.0,7.042971871366518,7.083897710126243,5.0,0.37011039033396315
178.0,8.0,6.997977557923307,6.8881630101202225,5.0,0.4725152020502621
178.5,8.0,7.042562810312539,7.0063816763892826,5.0,0.4249514687328588
179.0,8.0,7.056739587310923,6.876361445133105,5.0,0.4274185892694047
179.5,8.0,7.100519428974405,7.065020700563076,5.0,0.379915954934823
180.0,8.0,7.083913475669012,7.074570068577311,5.0,0.4324429495415053
180.5,8.0,7.126932486115996,7.149830728622105,5.0,0.38499894959134423
181.0,8.0,7.1395868545051835,7.163544508541504,5.0,0.38758332442957383
181.5,8.0,7.121886626727461,7.212278901801146,5.0,0.4401954364003737
182.0,8.0,7.133841515774455,6.979874863847122,5.0,0.44283464100420056
182.5,8.0,7.1454609163507605,6.996833213355731,5.0,0.4455002870568103
183.0,8.0,7.186753918741542,7.239649712380794,5.0,0.3981917168499256
183.5,8.0,7.197729321975922,6.99383319427538,5.0,0.4009082663135185
184.0,8.0,7.208395646324339,7.226725667534838,5.0,0.40364926517965677
184.5,8.0,7.2187611451658915,7.100731851206902,5.0,0.40641403714788527
185.0,8.0,7.198833816259684,7.3561152803514025,5.0,0.4592019000520906
185.5,8.0,7.208621412452302,7.23366665322508,5.0,0.4620121660288169
186.0,8.0,7.188131451851732,7.166215849880426,5.0,0.5148441416869854
186.5,8.0,7.227371227496398,7.350143315210317,5.0,0.46769712827897814
187.0,8.0,7.266347816546293,7.1600076158891985,5.0,0.42057042187304394
187.5,8.0,7.185068089021823,7.0977271256130425,5.0,0.573463313526982
188.0,8.0,7.223538716114425,7.097393232748914,5.0,0.5263750894630644
188.5,8.0,7.291766178091773,7.205262255456874,5.0,0.4293050312441484
189.0,8.0,7.239756771819086,7.245868332755824,5.0,0.5322524159509417
189.5,8.0,7.307516617916841,7.356911805116213,5.0,0.43521651636037006
190.0,8.0,7.2850516675741375,7.381193836110892,5.0,0.48819660112501045
190.5,8.0,7.322367709035806,7.139895304345732,5.0,0.44119193495353914
191.0,8.0,7.329470373780444,7.312284075134114,5.0,0.44420177879215406
191.5,8.0,7.276365142405533,7.165548689286453,5.0,0.5472253900069253
192.0,8.0,7.343057350234976,7.322528641086166,5.0,0.4502620225670289
192.5,8.0,7.319552192663496,7.5529685506762,5.0,0.503310927228819
193.0,8.0,7.325854730251554,7.355040906451555,5.0,0.5063713517206914
193.5,8.0,7.3319698935837385,7.421916390698563,5.0,0.5094425409286976
194.0,8.0,7.367902487902799,7.563971615118904,5.0,0.46252373708285505
194.5,8.0,7.313657197530885,7.4263930218483605,5.0,0.5656141799441181
195.0,8.0,7.349238590088912,7.304447142120213,5.0,0.5187131069919538
195.5,8.0,7.324651120524343,7.197067911867349,5.0,0.5718197536124834
196.0,8.0,7.38989913495717,7.386884708005084,5.0,0.4749333532871391
196.5,8.0,7.3349868743533175,7.278216295931449,5.0,0.5780531377817908
197.0,8.0,7.399918478034175,7.2474663493722575,5.0,0.481178337336297
197.5,8.0,7.34469798703054,7.368790486759487,5.0,0.5843081808544309
198.0,8.0,7.349329347288753,7.375917977094686,5.0,0.5874418960941373
198.5,8.0,7.413816412736445,7.590728082762773,5.0,0.49057870985807145
199.0,8.0,7.418162948214842,7.381986641331161,5.0,0.4937178481843743
199.5,8.0,7.392372632284301,7.420384771181246,5.0,0.5468585365376358
200.0,8.0,7.3364490599092775,7.269900518440256,5.0,0.6499999999999999
200.5,8.0,7.400395745028693,7.487712688098039,5.0,0.5531414634623641
201.0,8.0,7.404216123017295,7.391754343398282,5.0,0.5562821518156256
201.5,8.0,7.407913553043328,7.2906543921580536,5.0,0.5594212901419284
202.0,8.0,7.441491320327552,7.4401441381610365,5.0,0.5125581039058625
202.5,8.0,7.444952638308343,7.484004928064843,5.0,0.5156918191455688
203.0,8.0,7.388300650717437,7.4138279894587935,5.0,0.6188216626637029
203.5,8.0,7.391538433570549,7.496128105120136,5.0,0.621946862218209
204.0,8.0,7.454668997076951,7.309863359872882,5.0,0.5250666467128609
204.5,8.0,7.457695287471817,7.373421028470323,5.0,0.5281802463875165
205.0,8.0,7.40062018877502,7.464598921954574,5.0,0.6312868930080461
205.5,8.0,7.4034465244797705,7.330919626683663,5.0,0.6343858200558818
206.0,8.0,7.436177059174429,7.4602241841074495,5.0,0.5874762629171448
206.5,8.0,7.438814500100558,7.1968399753593815,5.0,0.5905574590713024
207.0,8.0,7.381361498650166,7.652956155881454,5.0,0.6936286482793084
207.5,8.0,7.413820651804941,7.386848798649208,5.0,0.646689072771181
208.0,8.0,7.446194503520122,7.56559012951895,5.0,0.599737977432971
208.5,8.0,7.4484855460555135,7.414795763497164,5.0,0.6027746099930746
209.0,8.0,7.3906962212560545,7.432166074129143,5.0,0.7057982212078459
209.5,8.0,7.422828921784179,7.572020886418706,5.0,0.6588080650464607
210.0,8.0,7.3948859923061425,7.511466594226981,5.0,0.7118033988749894
210.5,8.0,7.456869730634361,7.436424232665839,5.0,0.6147834836396299
211.0,8.0,7.4887823888276905,7.475256956288321,5.0,0.5677475840490582
211.5,8.0,7.460626174251519,7.560982830269848,5.0,0.6206949687558514
212.0,8.0,7.492403250599384,7.725727691027914,5.0,0.5736249105369357
212.5,8.0,7.464115738877857,7.483344006317761,5.0,0.6265366864730179
213.0,8.0,7.465765718356199,7.661472082410363,5.0,0.6294295781269562
213.5,8.0,7.49735522748237,7.473213786440349,5.0,0.5823028717210218
214.0,8.0,7.468886264766788,7.564082301117769,5.0,0.6351558583130146
214.5,8.0,7.500360789635229,7.610476365859958,5.0,0.587987833971183
215.0,8.0,7.471780723252142,7.4307846728668645,5.0,0.6407980999479094
215.5,8.0,7.503147949315673,7.42844014138551,5.0,0.5935859628521146
216.0,8.0,7.474464314825523,7.589003233680258,5.0,0.646350734820343
216.5,8.0,7.475731630824805,7.4225759371005,5.0,0.6490917336864817
217.0,8.0,7.476951673116962,7.387516681849421,5.0,0.6518082831500742
217.5,8.0,7.508126182958767,7.4397302327788575,5.0,0.6044997129431898
218.0,8.0,7.4792568677303946,7.425695533887853,5.0,0.6571653589957993
218.5,8.0,7.480345401583483,7.566007112046051,5.0,0.6598045635996264
219.0,8.0,7.481393426068081,7.5328976933957,5.0,0.6624166755704262
219.5,8.0,7.452402550739343,7.523968375215133,5.0,0.7150010504086557
220.0,8.0,7.513374353744755,7.555512334854563,5.0,0.6175570504584946
220.5,8.0,7.4843103823926915,7.424926366168028,5.0,0.6700840450651768
221.0,8.0,7.485212153703042,7.554922439293869,5.0,0.6725814107305954
221.5,8.0,7.516081154940595,7.634326537601126,5.0,0.625048531267141
222.0,8.0,7.516918844131888,7.575369165743819,5.0,0.627484797949738
222.5,8.0,7.487726650566141,7.532692241228726,5.0,0.6798896096660367
223.0,8.0,7.518505975280909,7.441800524623841,5.0,0.6322623730647304
223.5,8.0,7.489258191533051,7.510439899430499,5.0,0.6846025027019546
224.0,8.0,7.4899846452555705,7.407960512310701,5.0,0.6869094211857378
224.5,8.0,7.490686655500888,7.488283869692828,5.0,0.6891825593184628
225.0,8.0,7.521365514871039,7.357338850948508,5.0,0.6414213562373094
225.5,8.0,7.522022489935341,7.358766649636132,5.0,0.6436252595526378
226.0,8.0,7.462658821635959,7.443554052641256,5.0,0.7457937254842822
226.5,8.0,7.523275725681873,7.4684317584991735,5.0,0.647926218995722
227.0,8.0,7.493874392931664,7.504553112279082,5.0,0.7000222139260919
227.5,8.0,7.524455989765541,7.510979131854029,5.0,0.6520811931200062
228.0,8.0,7.5250216584470255,7.528040737168041,5.0,0.6541026485551578
228.5,8.0,7.465572517474683,7.526433261710357,5.0,0.7560860814676659
229.0,8.0,7.52610966192428,7.479782766358197,5.0,0.6580310024751379
229.5,8.0,7.526634163781702,7.504689782617215,5.0,0.6599369316974181
230.0,8.0,7.497147072267012,7.642649194543329,5.0,0.7118033988749897
230.5,8.0,7.527649414149975,7.527957826832478,5.0,0.6636299434850046
231.0,8.0,7.498142194057344,7.480221146594805,5.0,0.7154161148549125
231.5,8.0,7.498626394772252,7.506877664704571,5.0,0.717161472273654
232.0,8.0,7.529102977525981,7.512966540225028,5.0,0.6688655851004031
232.5,8.0,7.529572882282405,7.458615652987083,5.0,0.6705280328708184
233.0,8.0,7.440037028015383,7.340234044297411,5.0,0.8221484054007887
233.5,8.0,7.500496312979366,7.4241531789643656,5.0,0.7237263028876382
234.0,8.0,7.530951614973467,7.618243533650546,5.0,0.6752613360087727
234.5,8.0,7.50140379159925,7.438413266127409,5.0,0.7267531260177387
235.0,8.0,7.5318536805124765,7.516361220328849,5.0,0.6782013048376736
235.5,8.0,7.532302099669024,7.602375728182314,5.0,0.6796055151521232
236.0,8.0,7.532749847565219,7.504910730484121,5.0,0.6809654104932039
236.5,8.0,7.533197703472786,7.596533834957151,5.0,0.682280655327089
237.0,8.0,7.503646427668614,7.349567123425527,5.0,0.7335509251367962
237.5,8.0,7.474096761659548,7.460845093705358,5.0,0.7847759065022574
238.0,8.0,7.5345494284024,7.542439038062251,5.0,0.6859552971776502
238.5,8.0,7.505005132519353,7.50731900482917,5.0,0.7370888061659735
239.0,8.0,7.535464560508958,7.370172690725069,5.0,0.6881761537908451
239.5,8.0,7.505928380952864,7.626239645595945,5.0,0.7392170717655091
240.0,8.0,7.506397244718484,7.420929950221343,5.0,0.7402113032590307
240.5,8.0,7.5368717851577465,7.570375497683993,5.0,0.691158602959666
241.0,8.0,7.477352618302069,7.478149046566802,5.0,0.7920587371353887
241.5,8.0,7.447840343053737,7.548211295434805,5.0,0.8429114836915597
242.0,8.0,7.508335541373816,7.727084424311236,5.0,0.7437166322257263
242.5,8.0,7.538838778466738,7.409802330012455,5.0,0.6944739840795353
243.0,8.0,7.509350602961714,7.444459214834464,5.0,0.7451833523877496
243.5,8.0,7.539871547091078,7.558780796474983,5.0,0.6958445621243532
244.0,8.0,7.540402126865718,7.429866795110439,5.0,0.6964574501457377
244.5,8.0,7.450942842247722,7.529161103043298,5.0,0.8470218652309548
245.0,8.0,7.541494177320303,7.625831439536008,5.0,0.6975376681190275
245.5,8.0,7.542056600455208,7.598001508054711,5.0,0.6980047315433116
246.0,8.0,7.512630564477643,7.536288739565263,5.0,0.7484229402628956
246.5,8.0,7.513216506828872,7.65018738462585,5.0,0.748792191091036
247.0,8.0,7.5138148497265735,7.398252301559688,5.0,0.749112392920616
247.5,8.0,7.5144260003230645,7.52095281985732,5.0,0.7493834667466257
248.0,8.0,7.545050350861485,7.471170063988462,5.0,0.6996053456856544
248.5,8.0,7.545688278830051,7.634679912086567,5.0,0.699777974992394
249.0,8.0,7.456340147114442,7.273006030663799,5.0,0.8499013120731463
249.5,8.0,7.517006304148457,7.514197917589159,5.0,0.7499753264963321
250.0,8.0,7.487687084062968,7.521210952769963,5.0,0.7999999999999999
250.5,8.0,7.518382806833305,7.423633593335928,5.0,0.7499753264963321
251.0,8.0,7.5490937784251315,7.486474775202975,5.0,0.6999013120731463
251.5,8.0,7.519820290938881,7.521358189076092,5.0,0.7497779749923941
252.0,8.0,7.520562622752857,7.616072260697005,5.0,0.7496053456856544
252.5,8.0,7.521321038665033,7.418034115806328,5.0,0.7493834667466257
253.0,8.0,7.552095790033661,7.466250795996192,5.0,0.699112392920616
253.5,8.0,7.522887114916728,7.635445892020762,5.0,0.748792191091036
254.0,8.0,7.5236952382103475,7.496397698218364,5.0,0.7484229402628957
254.5,8.0,7.464520371786132,7.3867664678016345,5.0,0.8480047315433116
255.0,8.0,7.555362714627625,7.628231194349317,5.0,0.6975376681190275
255.5,8.0,7.556222452965838,7.507402753242613,5.0,0.6970218652309548
256.0,8.0,7.527099760413956,7.629841913947833,5.0,0.7464574501457377
256.5,8.0,7.5279947981012745,7.461622760403303,5.0,0.7458445621243532
257.0,8.0,7.558907714806408,7.542948258623909,5.0,0.6951833523877495
257.5,8.0,7.529838647089828,7.624335813628701,5.0,0.7444739840795354
258.0,8.0,7.5607877194257895,7.538161632308414,5.0,0.6937166322257262
258.5,8.0,7.531755044333666,7.60736037654153,5.0,0.7429114836915596
259.0,8.0,7.532740722508785,7.526185961830684,5.0,0.7420587371353886
259.5,8.0,7.563744842952755,7.761914023592758,5.0,0.691158602959666
260.0,8.0,7.474767483103372,7.631645343513657,5.0,0.8402113032590307
260.5,8.0,7.535808708964118,7.4029990827207435,5.0,0.7392170717655091
261.0,8.0,7.566868575233305,7.619092943358106,5.0,0.6881761537908452
261.5,8.0,7.537947125432908,7.456306726822803,5.0,0.7370888061659735
262.0,8.0,7.509044392037082,7.528195085916355,5.0,0.7859552971776503
262.5,8.0,7.510160396600478,7.5169974595315034,5.0,0.7847759065022574
263.0,8.0,7.511295149886298,7.405756448177049,5.0,0.7835509251367961
263.5,8.0,7.542448651994191,7.648297106347224,5.0,0.7322806553270891
264.0,8.0,7.543620892487994,7.563951186844902,5.0,0.730965410493204
264.5,8.0,7.514811850523336,7.4863435469560775,5.0,0.7796055151521232
265.0,8.0,7.516021494975158,7.472210512550799,5.0,0.7782013048376735
265.5,8.0,7.5172497845651565,7.53122748154178,5.0,0.7767531260177387
266.0,8.0,7.548496667989182,7.589289169740611,5.0,0.7252613360087727
266.5,8.0,7.459762084044627,7.4472645054088,5.0,0.8737263028876383
267.0,8.0,7.551045961757788,7.267794004680168,5.0,0.7221484054007887
267.5,8.0,7.552348220511292,7.554037292135541,5.0,0.7205280328708183
268.0,8.0,7.553668770171517,7.409520564010539,5.0,0.7188655851004031
268.5,8.0,7.585007511216119,7.564062254651212,5.0,0.667161472273654
269.0,8.0,7.586364334861609,7.445907909154645,5.0,0.6654161148549124
269.5,8.0,7.557739123191042,7.416089359683095,5.0,0.7136299434850046
270.0,8.0,7.559131749281807,7.68264393147666,5.0,0.7118033988749896
270.5,8.0,7.590542077333555,7.558532879239116,5.0,0.6599369316974181
271.0,8.0,7.5319699627962615,7.49230374681407,5.0,0.7580310024751381
271.5,8.0,7.5334152524984335,7.581667657381293,5.0,0.7560860814676659
272.0,8.0,7.5948777847755045,7.5578187324682595,5.0,0.6541026485551578
272.5,8.0,7.59635738959837,7.806737998811111,5.0,0.6520811931200061
273.0,8.0,7.567853888702136,7.540551912629534,5.0,0.7000222139260919
273.5,8.0,7.509367095715055,7.545879636913356,5.0,0.797926218995722
274.0,8.0,7.570896816287636,7.667990949425322,5.0,0.6957937254842823
274.5,8.0,7.572442848222005,7.732668170782696,5.0,0.6936252595526379
275.0,8.0,7.574004981601437,7.499804368035673,5.0,0.6914213562373095
275.5,8.0,7.515582998920134,7.47378664853627,5.0,0.7891825593184629
276.0,8.0,7.57717667521321,7.7046358627425615,5.0,0.6869094211857377
276.5,8.0,7.608785778186898,7.689792008592168,5.0,0.6346025027019547
277.0,8.0,7.610410068348998,7.717927661915844,5.0,0.6322623730647303
277.5,8.0,7.612049299139548,7.4751788447835805,5.0,0.6298896096660366
278.0,8.0,7.613703217061707,7.7685031924541095,5.0,0.627484797949738
278.5,8.0,7.6153715618129025,7.539230807484422,5.0,0.6250485312671409
279.0,8.0,7.617054066416171,7.63628336423036,5.0,0.6225814107305954
279.5,8.0,7.618750457351744,7.603928169592567,5.0,0.6200840450651768
280.0,8.0,7.620460454688863,7.532612171034056,5.0,0.6175570504584946
280.5,8.0,7.5621837722178,7.4209301958757,5.0,0.7150010504086556
281.0,8.0,7.593920117582108,7.419535305918819,5.0,0.6624166755704263
281.5,8.0,7.565669192411084,7.577571033016482,5.0,0.7098045635996263
282.0,8.0,7.597430692452441,7.444898783429096,5.0,0.6571653589957995
282.5,8.0,7.569204307705173,7.455822748196485,5.0,0.7044997129431897
283.0,8.0,7.6309897225526395,7.609186134732817,5.0,0.6018082831500742
283.5,8.0,7.602786615895811,7.3389057658698205,5.0,0.6490917336864815
284.0,8.0,7.544594661286725,7.6224926324911255,5.0,0.746350734820343
284.5,8.0,7.6364135270620945,7.3954247103514135,5.0,0.5935859628521147
285.0,8.0,7.6382428764771,7.6305056373438225,5.0,0.5907980999479092
285.5,8.0,7.6400823678393195,7.6415842904987485,5.0,0.5879878339711831
286.0,8.0,7.6419316546428275,7.695737826661008,5.0,0.5851558583130145
286.5,8.0,7.613790385702407,7.609622305463417,5.0,0.632302871721022
287.0,8.0,7.6456582052879085,7.847449001671232,5.0,0.5794295781269561
287.5,8.0,7.527534753258705,7.549166441415555,5.0,0.7765366864730181
288.0,8.0,7.61941966519827,7.724780905122636,5.0,0.6236249105369356
288.5,8.0,7.621312572548817,7.548966291661788,5.0,0.6206949687558513
289.0,8.0,7.623213102746046,7.6352887833649925,5.0,0.6177475840490584
289.5,8.0,7.655120879353942,7.8098778888568345,5.0,0.5647834836396297
290.0,8.0,7.627035522199613,7.603266009730649,5.0,0.6118033988749896
290.5,8.0,7.628956647508183,7.648180123927705,5.0,0.6088080650464608
291.0,8.0,7.630883868037698,7.728969212951445,5.0,0.605798221207846
291.5,8.0,7.662816793214037,7.588593841194873,5.0,0.5527746099930745
292.0,8.0,7.514755029265815,7.2985989959338955,5.0,0.7997379774329711
292.5,8.0,7.66669817935927,7.692255544730507,5.0,0.5466890727711811
293.0,8.0,7.638645843733098,7.737512760668898,5.0,0.5936286482793087
293.5,8.0,7.67059761983324,7.5354530433440425,5.0,0.5405574590713025
294.0,8.0,7.642553102447588,7.709575092175322,5.0,0.5874762629171448
294.5,8.0,7.674511883840611,7.742208522574565,5.0,0.534385820055882
295.0,8.0,7.676473553887862,7.449123927976332,5.0,0.5312868930080461
295.5,8.0,7.6484377002103665,7.5548088369696895,5.0,0.5781802463875166
296.0,8.0,7.6204039083088615,7.580821030235695,5.0,0.6250666467128607
296.5,8.0,7.622371761697878,7.604409361674355,5.0,0.6219468622182092
297.0,8.0,7.624340842039642,7.550027415562844,5.0,0.6188216626637028
297.5,8.0,7.566310729277765,7.486610448919547,5.0,0.7156918191455692
298.0,8.0,7.598281001770742,7.765429290888951,5.0,0.6625581039058627
298.5,8.0,7.630251236425173,7.619495323239282,5.0,0.6094212901419287
299.0,8.0,7.632221008828768,7.562716642813794,5.0,0.6062821518156257
299.5,8.0,7.664189893383042,7.660072945691787,5.0,0.553141463462364
300.0,8.0,7.696157463435729,7.749866546741844,5.0,0.5000000000000001
300.5,8.0,7.668123291412872,7.673285929083993,5.0,0.5468585365376358
301.0,8.0,7.640086948950586,7.619514189867789,5.0,0.5937178481843745
301.5,8.0,7.7020480070264385,7.637046340159393,5.0,0.4905787098580714
302.0,8.0,7.7040060360904805,7.63779295154372,5.0,0.48744189609413746
302.5,8.0,7.615960606195859,7.556179767547323,5.0,0.6343081808544311
303.0,8.0,7.677911287129006,7.71179274721008,5.0,0.5311783373362974
303.5,8.0,7.679857648539393,7.580439639299215,5.0,0.528053137781791
304.0,8.0,7.621799260068821,7.661126182415843,5.0,0.6249333532871394
304.5,8.0,7.653735691480227,7.79503516704291,5.0,0.5718197536124835
305.0,8.0,7.655666512785974,7.688237248567294,5.0,0.5687131069919538
305.5,8.0,7.717591294375623,7.680632741483909,5.0,0.4656141799441182
306.0,8.0,7.689509607143154,7.559696918637691,5.0,0.512523737082855
306.5,8.0,7.691421022613604,7.849231703404755,5.0,0.5094425409286977
307.0,8.0,7.693325113069129,7.576323348009238,5.0,0.5063713517206915
307.5,8.0,7.60522145167444,7.690077655122015,5.0,0.6533109272288191
308.0,8.0,7.6971096126016,7.760961398661048,5.0,0.5002620225670291
308.5,8.0,7.728989171154168,7.705312310857762,5.0,0.4472253900069256
309.0,8.0,7.7308597038906575,7.70456182351259,5.0,0.44420177879215417
309.5,8.0,7.6727207887473,7.489149661343198,5.0,0.5411919349535391
310.0,8.0,7.704572005160065,7.737578505241327,5.0,0.48819660112501057
310.5,8.0,7.676412934185955,7.738405567425536,5.0,0.53521651636037
311.0,8.0,7.738243158623518,7.629335147008737,5.0,0.4322524159509418
311.5,8.0,7.680062263132568,7.664480115699657,5.0,0.5293050312441485
312.0,8.0,7.741869834353101,7.745656025853996,5.0,0.42637508946306457
312.5,8.0,7.683665461023371,7.742122723818328,5.0,0.523463313526982
313.0,8.0,7.715448734097107,7.7158290417094255,5.0,0.47057042187304404
313.5,8.0,7.68721924685986,7.524587311463702,5.0,0.5176971282789783
314.0,8.0,7.71897659504444,7.6659828180981915,5.0,0.4648441416869857
314.5,8.0,7.7507203769454325,7.773182955484335,5.0,0.412012166028817
315.0,8.0,7.692450193532784,7.776603027736759,5.0,0.5092019000520905
315.5,8.0,7.754165648564403,7.692401987624978,5.0,0.4064140371478854
316.0,8.0,7.755866348697786,7.974631336152788,5.0,0.4036492651796569
316.5,8.0,7.757551903600649,7.568104596716952,5.0,0.4009082663135186
317.0,8.0,7.729221926060498,7.6728519085547084,5.0,0.4481917168499257
317.5,8.0,7.670876032093178,7.6625726717439,5.0,0.5455002870568104
318.0,8.0,7.64251384105034,7.622438924695054,5.0,0.5928346410042007
318.5,8.0,7.73413497572582,7.610920742744337,5.0,0.4401954364003738
319.0,8.0,7.765739062460902,7.810525237236082,5.0,0.3875833244295739
319.5,8.0,7.677325731248455,7.714435136379848,5.0,0.5349989495913445
320.0,8.0,7.768894615835911,7.773690760434065,5.0,0.38244294954150543
320.5,8.0,7.770445353827073,7.803629740152925,5.0,0.3799159549348231
321.0,8.0,7.741977586782738,7.699599945637935,5.0,0.4274185892694048
321.5,8.0,7.773490960320087,7.61175466530923,5.0,0.3749514687328589
322.0,8.0,7.744985124210873,7.673321137205649,5.0,0.42251520205026216
322.5,8.0,7.746459732478328,7.762165190619273,5.0,0.42011039033396325
323.0,8.0,7.747914443492819,7.764188884977458,5.0,0.4177376269352698
323.5,8.0,7.749348920066208,7.753486825324792,5.0,0.41539749729804537
324.0,8.0,7.780762829544905,7.835633656343408,5.0,0.36309057881426243
324.5,8.0,7.752155843901597,7.694041239356595,5.0,0.4108174406815372
325.0,8.0,7.753527639825619,7.756195745536673,5.0,0.40857864376269065
325.5,8.0,7.6948778988119875,7.75208717665248,5.0,0.5063747404473623
326.0,8.0,7.756206307249029,7.747717325398793,5.0,0.40420627451571783
326.5,8.0,7.787512556504619,7.663180163664009,5.0,0.3520737810042779
327.0,8.0,7.7587963430110145,7.66264750604546,5.0,0.39997778607390805
327.5,8.0,7.76005736834824,7.843142600776177,5.0,0.39791880687999387
328.0,8.0,7.731295339326035,7.870542555620292,5.0,0.4458973514448423
328.5,8.0,7.7925099680643255,7.910038278846731,5.0,0.34391391853233394
329.0,8.0,7.763700972072232,7.786916567046435,5.0,0.391968997524862
329.5,8.0,7.794868074325551,7.674554814123882,5.0,0.34006306830258204
330.0,8.0,7.79601100334276,7.795375847665473,5.0,0.33819660112501077
330.5,8.0,7.797129493259458,7.9533550064545,5.0,0.3363700565149953
331.0,8.0,7.7682232839012935,7.830072121946941,5.0,0.3845838851450877
331.5,8.0,7.739292120855304,7.718544368586917,5.0,0.4328385277263461
332.0,8.0,7.8003357555397175,7.863198278823839,5.0,0.33113441489959683
332.5,8.0,7.801353945272134,7.674414424610574,5.0,0.32947196712918153
333.0,8.0,7.802346453336131,7.732779315551311,5.0,0.3278515945992113
333.5,8.0,7.743313049046245,7.6348939099440125,5.0,0.42627369711236196
334.0,8.0,7.774253507811325,7.821210689646168,5.0,0.3747386639912272
334.5,8.0,7.745167611196254,7.816577961168263,5.0,0.42324687398226135
335.0,8.0,7.746055146982009,7.730672544262172,5.0,0.4217986951623265
335.5,8.0,7.776915909224068,7.689622941550112,5.0,0.370394484847877
336.0,8.0,7.717749698309137,7.715774788955675,5.0,0.4690345895067961
336.5,8.0,7.778556321010182,7.729898331942802,5.0,0.36771934467291095
337.0,8.0,7.779335590539781,7.699718520070407,5.0,0.3664490748632039
337.5,8.0,7.810087326601749,7.843986695132674,5.0,0.3152240934977426
338.0,8.0,7.810811355441058,7.735012133189191,5.0,0.31404470282234975
338.5,8.0,7.811507509892026,7.654872536595617,5.0,0.3129111938340266
339.0,8.0,7.78217562942476,7.647764182388441,5.0,0.36182384620915503
339.5,8.0,7.7828155601898645,7.6224895135082695,5.0,0.3607829282344909
340.0,8.0,7.813427155061381,7.838178346719002,5.0,0.3097886967409693
340.5,8.0,7.75401027367798,7.769050817495597,5.0,0.40884139704033406
341.0,8.0,7.754564782482361,7.764616791933177,5.0,0.4079412628646115
341.5,8.0,7.725090554758896,7.783863720006891,5.0,0.4570885163084404
342.0,8.0,7.785587470669462,7.904783356281174,5.0,0.3562833677742738
342.5,8.0,7.816055417287501,7.75682876420499,5.0,0.30552601592046474
343.0,8.0,7.816494288630269,7.8571420363541105,5.0,0.30481664761225047
343.5,8.0,7.756903985689275,7.598942434948688,5.0,0.4041554378756468
344.0,8.0,7.787284416458928,7.925155391085263,5.0,0.3535425498542623
344.5,8.0,7.817635495963348,7.693152372141532,5.0,0.3029781347690453
345.0,8.0,7.787957146281358,7.716949034377315,5.0,0.3524623318809724
345.5,8.0,7.818249296569669,7.75847834519636,5.0,0.30199526845668845
346.0,8.0,7.758511883084204,7.605884783411983,5.0,0.40157705973710445
346.5,8.0,7.788744849199622,7.792002406940478,5.0,0.351207808908964
347.0,8.0,7.758948145426984,7.780338532247133,5.0,0.400887607079384
347.5,8.0,7.819121729429583,7.800180362331428,5.0,0.30061653325337445
348.0,8.0,7.75926556603695,7.605240802833842,5.0,0.40039465431434573
348.5,8.0,7.759379627256987,7.9577182507421576,5.0,0.40022202500760595
349.0,8.0,7.819463892286286,7.874386971936451,5.0,0.3000986879268537
349.5,8.0,7.75951834751858,8.022940551883575,5.0,0.4000246735036679
350.0,4.0,7.760300666388517,7.679789742399888,5.0,0.3
350.5,4.0,7.614771189741456,7.710559412559153,5.0,0.3500246735036679
351.0,4.0,7.47349903463854,7.551426423377957,5.0,0.40009868792685366
351.5,4.0,7.366288222259531,7.337230711949794,5.0,0.40022202500760595
352.0,4.0,7.322952935537178,7.464058025643101,5.0,0.30039465431434564
352.5,4.0,7.193316961663448,7.15277596090207,5.0,0.3506165332533744
353.0,4.0,7.067213165928067,7.031124023985606,5.0,0.400887607079384
353.5,4.0,7.004482995112302,6.6573400059184635,5.0,0.351207808908964
354.0,4.0,6.914976008762043,6.955878814136307,5.0,0.35157705973710446
354.5,4.0,6.798549436759594,6.665998445591353,5.0,0.4019952684566884
355.0,4.0,6.7750677617035215,6.719995642133971,5.0,0.3024623318809724
355.5,4.0,6.694402324690718,6.591780360816215,5.0,0.3029781347690452
356.0,4.0,6.5864309531748,6.549807799242974,5.0,0.35354254985426226
356.5,4.0,6.511037609650401,6.5554256326721445,5.0,0.3541554378756468
357.0,4.0,6.468112059984008,6.469226216288884,5.0,0.30481664761225047
357.5,4.0,6.337549560279097,6.408513689329678,5.0,0.40552601592046467
358.0,4.0,6.329250561226566,6.455813514785129,5.0,0.3062833677742738
358.5,4.0,6.263120428951069,6.226240835283286,5.0,0.3070885163084403
359.0,4.0,6.13906918142018,6.091212457218569,5.0,0.4079412628646113
359.5,4.0,6.0470112395362845,6.142784004902485,5.0,0.458841397040334
360.0,4.0,6.076865192081189,6.180569920955182,5.0,0.3097886967409692
360.5,4.0,6.018553573730556,6.092612660540861,5.0,0.31078292823449083
361.0,4.0,5.962002655399808,5.866784774725874,5.0,0.3118238462091548
361.5,4.0,5.907142246225061,5.949407752775222,5.0,0.31291119383402655
362.0,4.0,5.793905506522259,5.804852566926988,5.0,0.4140447028223496
362.5,4.0,5.802228771104945,5.907481665239911,5.0,0.3152240934977425
363.0,4.0,5.692051382376324,5.634764173422549,5.0,0.4164490748632038
363.5,4.0,5.673315532644466,5.506654503529474,5.0,0.36771934467291095
364.0,4.0,5.65596611514076,5.724989795178788,5.0,0.319034589506796
364.5,4.0,5.549950583251271,5.294113744925561,5.0,0.4203944848478768
365.0,4.0,5.4752188174984875,5.402067477108854,5.0,0.4717986951623265
365.5,4.0,5.491722999837173,5.389403448705344,5.0,0.37324687398226125
366.0,4.0,5.449417494852821,5.346424027762247,5.0,0.3747386639912271
366.5,4.0,5.438258737474539,5.363355590379029,5.0,0.32627369711236165
367.0,4.0,5.398205126836204,5.519942483811366,5.0,0.32785159459921126
367.5,4.0,5.329216925940532,5.41127246784117,5.0,0.37947196712918146
368.0,4.0,5.261256166800219,5.236083098600969,5.0,0.4311344148995968
368.5,4.0,5.254286560748852,5.367648907934758,5.0,0.382838527726346
369.0,4.0,5.2182734136316835,5.1120436981150466,5.0,0.3845838851450876
369.5,4.0,5.0931835456027486,4.973355207028033,5.0,0.5363700565149951
370.0,4.0,5.118985215270367,5.2053448811950265,5.0,0.43819660112501047
370.5,4.0,5.145648047947633,5.203612370879898,5.0,0.34006306830258193
371.0,4.0,5.02314296777829,4.977116627619958,5.0,0.4919689975248619
371.5,4.0,5.051442133521413,4.9378960441516,5.0,0.3939139185323339
372.0,4.0,5.020518877790515,5.166492065294309,5.0,0.395897351444842
372.5,4.0,4.960347649554332,4.78833739445955,5.0,0.44791880687999375
373.0,4.0,4.930903959717385,4.87106136618303,5.0,0.4499777860739079
373.5,4.0,4.902164329608733,4.925021982360523,5.0,0.452073781004278
374.0,4.0,4.904106242217023,5.0843227230601675,5.0,0.4042062745157177
374.5,4.0,4.9067080960190745,4.945018117226397,5.0,0.35637474044736217
375.0,4.0,4.789949161257923,4.837979626559252,5.0,0.5085786437626904
375.5,4.0,4.823809538534269,4.766871168519456,5.0,0.410817440681537
376.0,4.0,4.828270119583121,4.8851181421105805,5.0,0.3630905788142623
376.5,4.0,4.773312550114476,4.783843482202385,5.0,0.4153974972980452
377.0,4.0,4.778919194603885,4.620072740562129,5.0,0.36773762693526935
377.5,4.0,4.755073102925033,4.834366588274344,5.0,0.3701103903339631
378.0,4.0,4.7017579787226955,4.798797317707381,5.0,0.422515202050262
378.5,4.0,4.678958149429998,4.759294654312114,5.0,0.4249514687328588
379.0,4.0,4.6866585378394685,4.689991330406048,5.0,0.37741858926940464
379.5,4.0,4.634844635142356,4.539226946827391,5.0,0.42991595493482326
380.0,4.0,4.64350247535555,4.412584102227064,5.0,0.3824429495415053
380.5,4.0,4.562618611059975,4.57832397160012,5.0,0.48499894959134404
381.0,4.0,4.572180090378576,4.680374296352661,5.0,0.43758332442957376
381.5,4.0,4.522174435126094,4.621727682034402,5.0,0.49019543640037366
382.0,4.0,4.5625896200666105,4.644196904405995,5.0,0.3928346410042005
382.5,4.0,4.543414053218425,4.5359929553634855,5.0,0.39550028705681023
383.0,4.0,4.494636557149248,4.603382974552398,5.0,0.44819171684992554
383.5,4.0,4.476246351207865,4.568662533593455,5.0,0.45090826631351844
384.0,4.0,4.398233034641435,4.355969678569279,5.0,0.5536492651796567
384.5,4.0,4.4405865705504715,4.5082463722120565,5.0,0.45641403714788525
385.0,4.0,4.453297270636179,4.3997013560952505,5.0,0.40920190005209073
385.5,4.0,4.4363557806974185,4.4903582038591106,5.0,0.41201216602881685
386.0,4.0,4.3597530668368805,4.229841402406774,5.0,0.5148441416869852
386.5,4.0,4.373480402338391,4.2512592214710985,5.0,0.4676971282789781
387.0,4.0,4.357529355179327,4.463350059873718,5.0,0.4705704218730439
387.5,4.0,4.371891776144158,4.465647788364634,5.0,0.42346331352698185
388.0,4.0,4.326559787507012,4.389920941564595,5.0,0.47637508946306434
388.5,4.0,4.341525772252964,4.350322654358247,5.0,0.42930503124414837
389.0,4.0,4.3267823638094125,4.087654920706997,5.0,0.43225241595094166
389.5,4.0,4.252322436260513,4.2448348424398645,5.0,0.5352165163603698
390.0,4.0,4.238139095019111,4.283557411738095,5.0,0.5381966011250104
390.5,4.0,4.254225667932086,4.200752343176126,5.0,0.49119193495353924
391.0,4.0,4.2705756967962865,4.199326277515462,5.0,0.444201778792154
391.5,4.0,4.227182929263549,4.371624968078918,5.0,0.49722539000692545
392.0,4.0,4.184041311114463,4.178012411975302,5.0,0.5502620225670288
392.5,4.0,4.201144978881643,4.2466244958458805,5.0,0.503310927228819
393.0,4.0,4.128488252804393,4.20590139896633,5.0,0.6063713517206913
393.5,4.0,4.206065630097573,4.105921922447065,5.0,0.45944254092869746
394.0,4.0,4.1338717785184595,4.1531925207898786,5.0,0.5625237370828549
394.5,4.0,4.121901530216296,4.253865979664026,5.0,0.565614179944118
395.0,4.0,4.170149875850026,4.352072194179998,5.0,0.46871310699195357
395.5,4.0,4.128611958960535,4.132605598682004,5.0,0.5218197536124833
396.0,4.0,4.08728307058446,4.063488715849753,5.0,0.5749333532871392
396.5,4.0,4.1361586440973195,4.163061050911073,5.0,0.4780531377817908
397.0,4.0,4.095234250274409,4.119597954977161,5.0,0.5311783373362972
397.5,4.0,4.084505592558525,4.22318139917164,5.0,0.5343081808544309
398.0,4.0,4.073968502524164,3.9743293336074577,5.0,0.5374418960941373
398.5,4.0,4.063618935528422,4.03563162691182,5.0,0.5405787098580712
399.0,4.0,4.053452966539344,3.9417388338516925,5.0,0.5437178481843743
399.5,4.0,4.013466786132959,3.912257297553201,5.0,0.5968585365376357
400.0,4.0,4.063656696650744,4.101314098164656,5.0,0.4999999999999999
400.5,4.0,4.054019108509663,4.135004892673366,5.0,0.5031414634623642
401.0,4.0,3.9845505366573617,3.9196113672829873,5.0,0.6062821518156255
401.5,4.0,4.035247597165545,4.112457076063073,5.0,0.5094212901419286
402.0,4.0,3.9961070039548363,4.107264869668033,5.0,0.5625581039058626
402.5,4.0,3.957125565644901,4.15059616548824,5.0,0.6156918191455689
403.0,4.0,3.978300182523816,3.985274867407921,5.0,0.5688216626637027
403.5,4.0,3.969627843631114,3.9056513908867005,5.0,0.571946862218209
404.0,4.0,3.9311056239491236,3.8308584307885343,5.0,0.6250666467128606
404.5,4.0,3.9827306816975816,3.8725513619055922,5.0,0.5281802463875165
405.0,4.0,3.9145002557267112,4.039478325867072,5.0,0.6312868930080459
405.5,4.0,3.9664116630042487,3.8149021287086837,5.0,0.5343858200558818
406.0,4.0,3.958462296192118,4.080237144757238,5.0,0.537476262917145
406.5,4.0,3.920649621308669,3.8338055183834543,5.0,0.5905574590713024
407.0,4.0,3.942971175472662,3.8744505556867215,5.0,0.5436286482793086
407.5,4.0,3.9354245647252784,3.92026901922428,5.0,0.546689072771181
408.0,4.0,3.928007461926757,3.8576420069701056,5.0,0.5497379774329709
408.5,4.0,3.920717604724322,4.01391558022028,5.0,0.5527746099930744
409.0,4.0,3.8835527935883047,4.0648871887865825,5.0,0.6057982212078459
409.5,4.0,3.8765108899134972,3.8107676741581833,5.0,0.6088080650464609
410.0,4.0,3.839589814182927,3.7963660302664644,5.0,0.6618033988749894
410.5,4.0,3.862787544191408,3.846455463463018,5.0,0.6147834836396296
411.0,4.0,3.8861021133263063,3.9402077896755703,5.0,0.5677475840490581
411.5,4.0,3.7895316089031694,3.774183181007584,5.0,0.7206949687558515
412.0,4.0,3.8430741705538853,3.9817999116591447,5.0,0.6236249105369355
412.5,4.0,3.8667279886652612,3.981390380321454,5.0,0.5765366864730179
413.0,4.0,3.8004913028659306,3.6819450675064207,5.0,0.6794295781269559
413.5,4.0,3.82436240055965,3.876459217117133,5.0,0.6323028717210217
414.0,4.0,3.8183396155031346,3.970373539234085,5.0,0.6351558583130144
414.5,4.0,3.8124213264266573,3.762943231849969,5.0,0.637987833971183
415.0,4.0,3.8366059556957413,3.807179468516386,5.0,0.5907980999479094
415.5,4.0,3.7408919680123596,3.688088268227064,5.0,0.7435859628521145
416.0,4.0,3.795277869154105,3.7445703076017547,5.0,0.6463507348203431
416.5,4.0,3.699762204749913,3.532917049558808,5.0,0.7990917336864813
417.0,4.0,3.784343559090939,3.651512063944434,5.0,0.6518082831500743
417.5,4.0,3.779020553975305,3.786767925849028,5.0,0.6544997129431896
418.0,4.0,3.713791847585455,3.865151645050733,5.0,0.7571653589957993
418.5,4.0,3.798656133396947,3.737320052145119,5.0,0.6098045635996264
419.0,4.0,3.7936121391175406,3.7293364088226846,5.0,0.6124166755704261
419.5,4.0,3.788658625655511,3.958810732697584,5.0,0.6150010504086555
420.0,4.0,3.783794386116168,3.6729686399345693,5.0,0.6175570504584945
420.5,4.0,3.7190182448255933,3.5528939285549512,5.0,0.7200840450651769
421.0,4.0,3.744329056380663,3.661477512766913,5.0,0.6725814107305952
421.5,4.0,3.73972570472448,3.6734472568450434,5.0,0.6750485312671411
422.0,4.0,3.6452071022463515,3.470461793776845,5.0,0.8274847979497377
422.5,4.0,3.730772188905508,3.717968018278047,5.0,0.6798896096660367
423.0,4.0,3.7264199313777904,3.821264566363944,5.0,0.6822623730647303
423.5,4.0,3.6321493222245653,3.5035538448530827,5.0,0.8346025027019546
424.0,4.0,3.7479593790831602,3.7567172009785192,5.0,0.6369094211857378
424.5,4.0,3.7138491438781474,3.7534427114408246,5.0,0.6891825593184628
425.0,4.0,3.70981768205283,3.7014792545254007,5.0,0.6914213562373094
425.5,4.0,3.645864081820312,3.664433340794418,5.0,0.7936252595526377
426.0,4.0,3.641987453433557,3.661720179693078,5.0,0.7957937254842824
426.5,4.0,3.698186928473884,3.616914132782041,5.0,0.6979262189957218
427.0,4.0,3.6944616591573483,3.844319916358535,5.0,0.700022213926092
427.5,4.0,3.720810817658483,3.8455865010661046,5.0,0.6520811931200063
428.0,4.0,3.717233595450931,3.8362247351750476,5.0,0.6541026485551579
428.5,4.0,3.7137292026644557,3.815096776718842,5.0,0.6560860814676658
429.0,4.0,3.710296867457904,3.552798920514602,5.0,0.658031002475138
429.5,4.0,3.7069358354076734,3.79954207318887,5.0,0.6599369316974182
430.0,4.0,3.613645368911253,3.6792055116662037,5.0,0.8118033988749894
430.5,4.0,3.700424746605457,3.546772385111079,5.0,0.6636299434850045
431.0,4.0,3.6672732627989455,3.6457822272839375,5.0,0.7154161148549123
431.5,4.0,3.6941902269186677,3.7218695718511965,5.0,0.6671614722736541
432.0,4.0,3.6611749629698744,3.827606672782338,5.0,0.718865585100403
432.5,4.0,3.628226809009348,3.700699194798774,5.0,0.7705280328708184
433.0,4.0,3.6853451166315283,3.598888543903698,5.0,0.6721484054007888
433.5,4.0,3.6525292504672127,3.822068096312409,5.0,0.7237263028876383
434.0,4.0,3.679778587694521,3.6841565639659097,5.0,0.6752613360087726
434.5,4.0,3.647092517561838,3.621508403871529,5.0,0.7267531260177387
435.0,4.0,3.614470440922455,3.5817586212635737,5.0,0.7782013048376736
435.5,4.0,3.67191176978061,3.5095562459782967,5.0,0.6796055151521231
436.0,4.0,3.66941592684871,3.658438976467096,5.0,0.6809654104932038
436.5,4.0,3.6669823451154264,3.7167308708459923,5.0,0.6822806553270891
437.0,4.0,3.664610467424472,3.6260721346719507,5.0,0.6835509251367963
437.5,4.0,3.63229974606378,3.6743449937885355,5.0,0.7347759065022573
438.0,4.0,3.570049642364886,3.4836105352734683,5.0,0.8359552971776503
438.5,4.0,3.6578596263122773,3.6437668348845156,5.0,0.6870888061659735
439.0,4.0,3.6257291761625026,3.6573832088233655,5.0,0.7381761537908451
439.5,4.0,3.623657778072831,3.642623865779173,5.0,0.739217071765509
440.0,4.0,3.5916449257392737,3.431098416767369,5.0,0.7902113032590307
440.5,4.0,3.6496901200437537,3.6057895249566307,5.0,0.691158602959666
441.0,4.0,3.617792868710264,3.7855391617415246,5.0,0.7420587371353886
441.5,4.0,3.5859526859698105,3.536708078536759,5.0,0.7929114836915595
442.0,4.0,3.6141690922339773,3.615749846645161,5.0,0.7437166322257263
442.5,4.0,3.6424416137769473,3.6337660387220527,5.0,0.6944739840795353
443.0,4.0,3.640769782425794,3.7975937583177592,5.0,0.6951833523877494
443.5,4.0,3.609153135258917,3.738189947478384,5.0,0.7458445621243532
444.0,4.0,3.6075912143124342,3.6883443142943153,5.0,0.7464574501457378
444.5,4.0,3.6360835662944093,3.538759334957156,5.0,0.6970218652309548
445.0,4.0,3.634629742306737,3.670548047225945,5.0,0.6975376681190275
445.5,4.0,3.5432292975745785,3.600023471882092,5.0,0.8480047315433116
446.0,4.0,3.631881791183184,3.5620213076235787,5.0,0.6984229402628956
446.5,4.0,3.600586785821979,3.51353507523721,5.0,0.748792191091036
447.0,4.0,3.599343847535783,3.769845262256486,5.0,0.749112392920616
447.5,4.0,3.5981525454830354,3.5680722142613424,5.0,0.7493834667466257
448.0,4.0,3.627012451700889,3.7885101335920037,5.0,0.6996053456856544
448.5,4.0,3.595923140877088,3.695632516426542,5.0,0.7497779749923941
449.0,4.0,3.5948841901284707,3.635671868366003,5.0,0.7499013120731464
449.5,4.0,3.5938951787860027,3.6391483224219514,5.0,0.7499753264963321
450.0,4.0,3.5329556881862443,3.3929137321531675,5.0,0.85
450.5,4.0,3.592065301469102,3.6127427794525437,5.0,0.7499753264963321
451.0,4.0,3.6212236033818077,3.7629256446799704,5.0,0.6999013120731463
451.5,4.0,3.5904301800889793,3.65856413040754,5.0,0.7497779749923941
452.0,4.0,3.559684618988683,3.575118287695124,5.0,0.7996053456856543
452.5,4.0,3.5289865085344068,3.7001802281161096,5.0,0.8493834667466257
453.0,4.0,3.6183354380628114,3.599831365796731,5.0,0.699112392920616
453.5,4.0,3.587730997627215,3.5257754301250466,5.0,0.748792191091036
454.0,4.0,3.557172777836673,3.5725559694444984,5.0,0.7984229402628956
454.5,4.0,3.6166603697005897,3.693307106511749,5.0,0.6980047315433116
455.0,4.0,3.616193364478766,3.44441395489794,5.0,0.6975376681190275
455.5,4.0,3.5857713535367894,3.614258217885831,5.0,0.7470218652309548
456.0,4.0,3.615393928206689,3.69642842976032,5.0,0.6964574501457378
456.5,4.0,3.6150606796527716,3.5880965171230854,5.0,0.6958445621243532
457.0,4.0,3.5547711987425505,3.6654676753728146,5.0,0.7951833523877495
457.5,4.0,3.614525075922689,3.678643742163796,5.0,0.6944739840795354
458.0,4.0,3.614321901099889,3.8284602129509966,5.0,0.6937166322257263
458.5,4.0,3.554161263526626,3.4791009737685044,5.0,0.7929114836915596
459.0,4.0,3.6140427516916747,3.6971137367412834,5.0,0.6920587371353887
459.5,4.0,3.6139659532153487,3.5122335624356085,5.0,0.6911586029596661
460.0,4.0,3.5539304547493553,3.392393809621683,5.0,0.7902113032590307
460.5,4.0,3.613935841881226,3.410382757599439,5.0,0.6892170717655091
461.0,4.0,3.613981699043237,3.6678141012829295,5.0,0.6881761537908452
461.5,4.0,3.5840676094257415,3.602492400820152,5.0,0.7370888061659736
462.0,4.0,3.5541931548948558,3.5062880491586803,5.0,0.7859552971776502
462.5,4.0,3.6143579159144297,3.4370074825194683,5.0,0.6847759065022574
463.0,4.0,3.6145614714722294,3.5455228088583617,5.0,0.6835509251367964
463.5,4.0,3.554803399010267,3.5552126997778126,5.0,0.7822806553270892
464.0,4.0,3.5850832743592225,3.664400211038532,5.0,0.730965410493204
464.5,4.0,3.5554006716768667,3.553747096652104,5.0,0.7796055151521232
465.0,4.0,3.5557551633904634,3.580961197660991,5.0,0.7782013048376737
465.5,4.0,3.52614632014304,3.488533082045626,5.0,0.8267531260177386
466.0,4.0,3.616573710743512,3.791496130996227,5.0,0.6752613360087727
466.5,4.0,3.587036902120553,3.48521193768773,5.0,0.7237263028876384
467.0,4.0,3.5875354592801965,3.5176116375516835,5.0,0.722148405400789
467.5,4.0,3.588068945267069,3.5388331378677176,5.0,0.7205280328708185
468.0,4.0,3.588636921129226,3.6429073609268983,5.0,0.7188655851004031
468.5,4.0,3.619238945886509,3.515352966907821,5.0,0.6671614722736542
469.0,4.0,3.619874576502389,3.633446435557189,5.0,0.6654161148549126
469.5,4.0,3.560543367859215,3.577034382201871,5.0,0.7636299434850046
470.0,4.0,3.5012448727368297,3.431809075663492,5.0,0.8618033988749896
470.5,4.0,3.5919786417944852,3.624976587890171,5.0,0.7099369316974183
471.0,4.0,3.5327442235560165,3.4319628336822734,5.0,0.8080310024751379
471.5,4.0,3.6235411643981954,3.5118337501520207,5.0,0.6560860814676659
472.0,4.0,3.5343690085422352,3.5443295841943794,5.0,0.804102648555158
472.5,4.0,3.625227298048378,3.459251739500572,5.0,0.6520811931200065
473.0,4.0,3.626115572813511,3.411635302558487,5.0,0.6500222139260918
473.5,4.0,3.5670333705717643,3.6203167006514443,5.0,0.747926218995722
474.0,4.0,3.5679802268980376,3.6728772211571545,5.0,0.7457937254842825
474.5,4.0,3.5989556752144005,3.5522753633451476,5.0,0.6936252595526381
475.0,4.0,3.5999592467993122,3.5331521815895353,5.0,0.6914213562373095
475.5,4.0,3.570990470799617,3.6715439933970733,5.0,0.739182559318463
476.0,4.0,3.5720488742452594,3.4574950524453674,5.0,0.736909421185738
476.5,4.0,3.6031339820666717,3.466796719594556,5.0,0.6846025027019546
477.0,4.0,3.6342453171147744,3.7050089594856233,5.0,0.6322623730647304
477.5,4.0,3.5753824001835586,3.5762862188347895,5.0,0.7298896096660369
478.0,4.0,3.606544750035177,3.7130324239642007,5.0,0.6774847979497383
478.5,4.0,3.6377318834275147,3.4237052955497167,5.0,0.625048531267141
479.0,4.0,3.5789433151441856,3.4388759160323294,5.0,0.7225814107305953
479.5,4.0,3.640178558026891,3.641611764011307,5.0,0.620084045065177
480.0,4.0,3.6414371230101175,3.683204492858496,5.0,0.6175570504584951
480.5,4.0,3.5827185191581084,3.667418227927054,5.0,0.7150010504086557
481.0,4.0,3.6140222537040616,3.6315040305849395,5.0,0.6624166755704263
481.5,4.0,3.6153478320915213,3.631813347627378,5.0,0.6598045635996267
482.0,4.0,3.6166947580178954,3.5777546037148755,5.0,0.6571653589957992
482.5,4.0,3.648062533480072,3.807153023970524,5.0,0.6044997129431898
483.0,4.0,3.6494506588220714,3.5391483132750214,5.0,0.6018082831500745
483.5,4.0,3.650858632784702,3.6867606480402957,5.0,0.5990917336864818
484.0,4.0,3.5922859525571598,3.493505069098358,5.0,0.6963507348203429
484.5,4.0,3.6237321138305427,3.6772099684110438,5.0,0.6435859628521148
485.0,4.0,3.5951966108532183,3.4914948539144417,5.0,0.6907980999479096
485.5,4.0,3.6266789364880014,3.701060506338047,5.0,0.6379878339711829
486.0,4.0,3.658178582271116,3.6693890769535678,5.0,0.5851558583130145
486.5,4.0,3.629695038472869,3.8041589557987368,5.0,0.632302871721022
487.0,4.0,3.631227794160003,3.6031258294328445,5.0,0.6294295781269565
487.5,4.0,3.6327763372597,3.6752729488844547,5.0,0.6265366864730179
488.0,4.0,3.6343401546251566,3.5563745265790856,5.0,0.6236249105369357
488.5,4.0,3.635918732102725,3.6071294314585955,5.0,0.6206949687558517
489.0,4.0,3.6375115546005405,3.648086502544976,5.0,0.6177475840490587
489.5,4.0,3.6091181061586304,3.456396113911493,5.0,0.6647834836396298
490.0,4.0,3.6107378700204156,3.4689754766019383,5.0,0.6618033988749896
490.5,4.0,3.6723703287056044,3.732356258689169,5.0,0.5588080650464611
491.0,4.0,3.6740149640844124,3.6594062819312443,5.0,0.5557982212078456
491.5,4.0,3.585671257453068,3.5263786041482654,5.0,0.7027746099930746
492.0,4.0,3.647338689610565,3.5736400715688896,5.0,0.5997379774329712
492.5,4.0,3.6790167409366203,3.609167861364251,5.0,0.5466890727711815
493.0,4.0,3.6507048914707894,3.661959962971612,5.0,0.5936286482793084
493.5,4.0,3.6824026209927077,3.7269062074043267,5.0,0.5405574590713026
494.0,4.0,3.5641094091034056,3.354898686140883,5.0,0.7374762629171452
494.5,4.0,3.6558247353076574,3.7971081409846468,5.0,0.5843858200558824
495.0,4.0,3.6575480790973285,3.7917181553915276,5.0,0.5812868930080461
495.5,4.0,3.6592789200356752,3.4262134436809855,5.0,0.5781802463875167
496.0,4.0,3.661016737842569,3.7696094074748485,5.0,0.5750666467128612
496.5,4.0,3.6627610124805634,3.7682828976136675,5.0,0.5719468622182089
497.0,4.0,3.69451122424183,3.6945557736605843,5.0,0.5188216626637029
497.5,4.0,3.6962668538358576,3.56654999164737,5.0,0.5156918191455692
498.0,4.0,3.6980273824779175,3.7995501916444248,5.0,0.5125581039058631
498.5,4.0,3.6997922919782367,3.6756691853485015,5.0,0.5094212901419284
499.0,4.0,3.6715610648318404,3.726448949213736,5.0,0.5562821518156258
499.5,4.0,3.6733331843090293,3.8952533115052073,5.0,0.5531414634623645
500.0,4.0,3.675108134546451,3.700291809608813,5.0,0.5500000000000005
